record_id	kind	current_owner	current_path	symbol_or_identity	current_contract_or_dependencies	destination	owning_phase	owner	test_ids	status	provenance	notes
PKG-001	package_identity	Package.swift	Package.swift	RepoPrompt product	target RepoPrompt	RepoPrompt product	1	package-control-plane		frozen	8e429511	Existing executable identity remains
PKG-002	package_identity	Package.swift	Package.swift	repoprompt-mcp product	target RepoPromptMCP; app bootstrap-socket proxy	repoprompt-mcp product	1	package-control-plane	root/RepoPromptTests.CECLINamingAndRoutingTests/testCanonicalCECLICommandsAndStableConfigUseCEIdentity	frozen	8e429511	Must never become standalone headless
PKG-003	package_identity	none	none	RepoPromptCore target	reserved neutral library target	RepoPromptCore	1	package-control-plane		assigned	plan Phase 1	No runtime authority in Phase 1
PKG-004	package_identity	none	none	RepoPromptCoreMacOS target	reserved platform adapter target	RepoPromptCoreMacOS	1	package-control-plane		assigned	plan Phase 1	No adapter moves in Phase 1
PKG-005	package_identity	none	none	RepoPromptPOSIXSupport target	reserved system POSIX target	RepoPromptPOSIXSupport	1	package-control-plane		assigned	plan Phase 1	No RepoPromptC dependency
PKG-006	package_identity	none	none	RepoPromptSyntaxCBridge target	reserved declarations/linkage target	RepoPromptSyntaxCBridge	1	package-control-plane		assigned	plan Phase 1	No duplicate upstream implementations
PKG-007	package_identity	none	none	RepoPromptHeadless target/product	reserved direct-stdio executable	repoprompt-headless	1	package-control-plane		assigned	plan Phase 1; ADR-002	Product is additive; runtime comes in Phase 8
PKG-008	package_identity	RepoPromptTests	Tests/RepoPromptTests	root/ ledger prefix	authoritative current root XCTest target	root/	1	test-control-plane		frozen	authoritative list 2026-06-21	Existing IDs stay root until physical move
PKG-009	package_identity	RepoPromptAgentProviders	Packages/RepoPromptAgentProviders/Tests/RepoPromptClaudeCompatibleProviderTests	provider/ ledger prefix	authoritative provider XCTest target	provider/	1	test-control-plane		frozen	authoritative list 2026-06-21	Provider target remains separate
PKG-010	package_identity	none	none	core/ ledger prefix	reserved prefix; target may be absent until meaningful test	RepoPromptCoreTests	1	test-control-plane		assigned	plan Phase 1	Empty prefix accepted; no placeholder XCTest
PKG-011	package_identity	none	none	core-macos/ ledger prefix	reserved prefix; target may be absent until meaningful test	RepoPromptCoreMacOSTests	1	test-control-plane		assigned	plan Phase 1	Empty prefix accepted; no placeholder XCTest
PKG-012	package_identity	none	none	posix/ ledger prefix	reserved prefix; target may be absent until meaningful test	RepoPromptPOSIXSupportTests	1	test-control-plane		assigned	plan Phase 1	Empty prefix accepted; no placeholder XCTest
PKG-013	package_identity	none	none	syntax-c-bridge/ ledger prefix	reserved prefix; target may be absent until meaningful test	RepoPromptSyntaxCBridgeTests	1	test-control-plane		assigned	plan Phase 1	Empty prefix accepted; no placeholder XCTest
PKG-014	package_identity	none	none	headless/ ledger prefix	reserved prefix; target may be absent until meaningful test	RepoPromptHeadlessTests	1	test-control-plane		assigned	plan Phase 1	Empty prefix accepted; no placeholder XCTest
PKG-015	package_identity	RepoPromptShared	Sources/RepoPromptShared/MCP/MCPFilesystemIdentity.swift	app/proxy filesystem and CLI identity	protocol v7; CE debug/release socket/event/config/routing/CLI names	unchanged app-proxy identity	7	mcp-runtime	root/RepoPromptTests.MCPFilesystemIdentityTests/testCEFilesystemIdentityPreservesVersionedFlavorAndStableConfigurationNames	frozen	8e429511; behavior-and-performance.md	Headless must use separate identities
DEP-001	dependency_edge	RepoPrompt	Package.swift	RepoPrompt direct edges	current app edge set	RepoPromptShared; RepoPromptCore; RepoPromptCoreMacOS; remaining app products; UI-only SwiftTreeSitter	1	package-control-plane		frozen	ADR-001	Remove C/regex/grammar/charset edges only after owning moves
DEP-002	dependency_edge	none	Package.swift	RepoPromptSyntaxCBridge direct edges	none	TreeSitterScannerSupport plus 13 TreeSitter grammar products	1	package-control-plane		frozen	ADR-001	Exact product list in ADR
DEP-003	dependency_edge	none	Package.swift	RepoPromptCore direct edges	none	RepoPromptC; CSwiftPCRE2; RepoPromptSyntaxCBridge; SwiftTreeSitter; Foundation; Dispatch; CryptoKit	1	package-control-plane		frozen	ADR-001	No charset or platform imports
DEP-004	dependency_edge	none	Package.swift	RepoPromptPOSIXSupport direct edges	none	system C/POSIX only	1	package-control-plane		frozen	ADR-001	No Core/app/RepoPromptC edge
DEP-005	dependency_edge	none	Package.swift	RepoPromptCoreMacOS direct edges	none	RepoPromptCore; RepoPromptPOSIXSupport; UniversalCharsetDetection; Cuchardet; macOS frameworks	1	package-control-plane		frozen	ADR-001	Concrete decoding stays here
DEP-006	dependency_edge	RepoPromptMCP	Package.swift	RepoPromptMCP direct edges	RepoPromptShared; Logging; MCP; ServiceLifecycle; SystemPackage	same plus RepoPromptPOSIXSupport only for helper moves	1	package-control-plane		frozen	ADR-001	Proxy identity unchanged
DEP-007	dependency_edge	none	Package.swift	RepoPromptHeadless direct edges	none	RepoPromptShared; RepoPromptCore; RepoPromptCoreMacOS; RepoPromptPOSIXSupport; Logging	1	package-control-plane		frozen	ADR-001; 21b5603f	No app or RepoPromptMCP edge
BRG-001	bridged_c	RepoPrompt	Sources/RepoPrompt/Support/RepoPrompt-Bridging-Header.h	POSIX headers and PT_DENY_ATTACH	sys/types.h; sys/sysctl.h; sys/ptrace.h; unistd.h; PT_DENY_ATTACH 31	RepoPromptPOSIXSupport or app-only anti-debug owner	3	platform-boundary		assigned	current header lines 9-18	Removal waits for all callers
BRG-002	bridged_c	RepoPrompt	Sources/RepoPrompt/Support/RepoPrompt-Bridging-Header.h	Tree-sitter declarations	TSLanguage plus javascript; python; c_sharp; swift; c; cpp; rust; go; java; dart; php; ruby; TypeScript package edge	RepoPromptSyntaxCBridge	3	syntax-boundary		assigned	current header lines 21-38	Add typescript/tsx declarations from exact package ABI if called
BRG-003	bridged_c	RepoPrompt	Sources/RepoPrompt/Support/RepoPrompt-Bridging-Header.h	RepoPromptC declarations	repo_wildmatch; gitignore match/normalize/parse; string extensions; scoring; path search	RepoPromptC imported by RepoPromptCore	2	neutral-core		assigned	current header lines 40-62	Existing repo_* ownership remains
BRG-004	bridged_c	RepoPrompt	Sources/RepoPrompt/Support/RepoPrompt-Bridging-Header.h	PCRE2 declarations	CSwiftPCRE2.h	CSwiftPCRE2 imported by RepoPromptCore	2	neutral-core		assigned	current header lines 65-66	No duplicate vendored implementation
BRG-005	c_symbol_namespace	none	none	new CE-defined C symbols	no namespace	rpce_*	1	package-control-plane		assigned	ADR-001	Upstream tree_sitter_* names are not wrapped or renamed
DEC-001	boundary_declaration	RepoPrompt	Sources/RepoPrompt/Features/Workspaces/WorkspaceModel.swift	WorkspacePreset; StoredSelection; ContextBuilderOverrides; ContextBuilderTabConfig; StashedTab; ComposeTabState; WorkspaceModel	persisted Codable workspace graph	RepoPromptCore	2	workspace-persistence	root/RepoPromptTests.WorkspaceRootSyncTests/testWorkspacePersistenceLegacyDecodeCurrentEncodeAndCurrentReaderRoundTripContract	assigned	current source; persistence-schema.md	Presentation/policy extensions may remain in app
DEC-002	boundary_declaration	RepoPrompt	Sources/RepoPrompt/Infrastructure/WorkspaceContext/Models/WorkspaceFileContextModels.swift	WorkspaceLookupRootScope; WorkspaceLookupRootScopeAvailability; WorkspaceRootKind; WorkspaceRootRecord; WorkspaceFolderRecord; WorkspaceFileRecord	validated root and record values	RepoPromptCore	2	workspace-context	root/RepoPromptTests.WorkspaceRootBindingProjectionTests/testMaterializerFailsClosedWhenPhysicalRootCannotBeLoaded	assigned	current source	Names/cases/equality remain exact
DEC-003	boundary_declaration	RepoPrompt	Sources/RepoPrompt/Infrastructure/WorkspaceContext/Models/WorkspaceFileContextModels.swift	WorkspaceSearchReadinessTicket; WorkspaceSearchReadinessState; WorkspaceSearchReadinessWaitError	typed readiness/generation state	RepoPromptCore	2	workspace-context	root/RepoPromptTests.WorkspaceSwitchRecoveryTests/testWorkspaceSearchReadinessWaitsForExactSwitchGenerationAndRejectsStaleTicket	assigned	current source	No stale ticket broadening
DEC-004	boundary_declaration	RepoPrompt	Sources/RepoPrompt/Infrastructure/WorkspaceContext/Models/WorkspaceFileContextModels.swift	WorkspaceCatalogDiagnostics; WorkspaceSearchCatalogEntry; WorkspaceSearchCatalogAccessRequirement; WorkspaceSearchQueryResult	catalog/search snapshots and results	RepoPromptCore	2	workspace-context	root/RepoPromptTests.WorkspacePerRootPathSearchIndexTests/testConcurrentOldReaderRetainsOldIndexWhileNewGenerationPublishes	assigned	current source	Generation lease implementation moves in Phase 4
DEC-005	boundary_declaration	RepoPrompt	Sources/RepoPrompt/Infrastructure/WorkspaceContext/Models/WorkspaceFileContextModels.swift	WorkspacePathLookupRequest; WorkspacePathLocation; WorkspacePathLookupResult; WorkspaceResolvedCandidates; WorkspaceCodemapOnlyCandidates	path lookup values	RepoPromptCore	2	path-lookup	root/RepoPromptTests.PathMatchingRecoveryTests/testAliasAndAbsoluteResolutionStayScopedToTheMatchingRoot	assigned	current source	No physical/logical fallback changes
DEC-006	boundary_declaration	RepoPrompt	Sources/RepoPrompt/Infrastructure/WorkspaceContext/PathLookup/PathMatchTypes.swift	PathMatchLocation; PathMatchCacheIdentity; PathLocateProfile; PathLocateOptions; FileCreationResolution; AnyItem	path matching values	RepoPromptCore	2	path-lookup	root/RepoPromptTests.PathMatchingRecoveryTests/testUnicodeAndCaseInsensitiveLookupPreserveStoredRelativePath	assigned	current source	Concrete workers/services move later if required
DEC-007	boundary_declaration	RepoPrompt	Sources/RepoPrompt/Infrastructure/WorkspaceContext/PathLookup/PathCharPolicy.swift	PathCharPolicy	neutral Unicode/path folding	RepoPromptCore	2	path-lookup	root/RepoPromptTests.PathMatchingRecoveryTests/testUnicodeAndCaseInsensitiveLookupPreserveStoredRelativePath	assigned	current source	Preserve exact folding behavior
DEC-008	boundary_declaration	RepoPrompt	Sources/RepoPrompt/Infrastructure/WorkspaceContext/Slices/LineRange.swift; Sources/RepoPrompt/Infrastructure/WorkspaceContext/Slices/SliceRangeMath.swift	LineRange and neutral slice range math	Codable inclusive 1-based ranges	RepoPromptCore	2	slices	root/RepoPromptTests.SelectionSlicePersistenceAndRebaseTests/testSliceRebaseDropsOnlyWhenPostEditContentHasNoValidLine	assigned	current source	Platform persistence stays separate
DEC-009	boundary_declaration	RepoPrompt	Sources/RepoPrompt/Infrastructure/WorkspaceContext/Models/WorkspaceFileContextModels.swift	ResolvedWorkspaceSelection; ResolvedPromptFileEntryID; ResolvedPromptFileEntryRole; PromptFileEntryMode; ResolvedPromptFileEntry; ResolvedPromptFileBlockRecord	neutral selection/prompt projection values	RepoPromptCore	2	selection-prompt	root/RepoPromptTests.PromptContextAccountingServiceTests/testExactSelectedFilesPreserveStoredSelectionOrderAfterBatchLookupAndConcurrentReads	assigned	current source	Policy enums/extensions remain app-owned
DEC-010	boundary_declaration	RepoPrompt	Sources/RepoPrompt/Infrastructure/WorkspaceContext/TokenAccounting/TokenCalculationSnapshot.swift	TokenCalculationSnapshot and neutral token accounting values	factual token projection	RepoPromptCore	2	prompt-accounting	root/RepoPromptTests.PromptContextAccountingServiceTests/testCodemapAccountingCountsExactRenderedHeaderAndImports	assigned	current source	Service move occurs Phase 6
DEC-011	boundary_declaration	RepoPrompt	Sources/RepoPrompt/Features/CodeMap/Models/FileAPI.swift	FileAPI; InterfaceInfo; TypeAliasInfo; ClassInfo; FunctionInfo; ParameterInfo; PropertyInfo; VariableInfo; EnumInfo	Codable factual code structure	RepoPromptCore	2	codemap	root/RepoPromptTests.CodeMapGoldenTests/testFixturesMatchGoldenCodeMapDescriptions	assigned	current source	UI FileViewModel remains app-owned
DEC-012	boundary_declaration	RepoPrompt	Sources/RepoPrompt/Infrastructure/WorkspaceContext/Models/WorkspaceFileContextModels.swift	WorkspaceCodemapSnapshot; WorkspaceCodemapSnapshotBundle; RenderedCodemap; WorkspaceCodemapRepairResult; WorkspaceCodemapUpdateEvent	neutral codemap snapshots	RepoPromptCore	2	codemap	root/RepoPromptTests.PromptCanonicalCodemapPackagingTests/testFrozenHeadlessPackagingPreservesSlicesAndWorktreeProjectionWithCanonicalCodemap	assigned	current source	Scanner runtime moves later
DEC-013	boundary_declaration	RepoPrompt	Sources/RepoPrompt/Infrastructure/Regex/PCRE2RegexAdapter.swift; Sources/RepoPrompt/Infrastructure/Regex/RegexToolkit.swift	neutral regex adapter/toolkit	CSwiftPCRE2 and Foundation behavior	RepoPromptCore	2	neutral-core		assigned	current source	Raise access only when compilation requires
DEC-014	boundary_declaration	RepoPrompt	Sources/RepoPrompt/Infrastructure/Utilities/RelativePath.swift; Sources/RepoPrompt/Infrastructure/Utilities/StandardizedPath.swift; Sources/RepoPrompt/Infrastructure/Utilities/CheckoutPathIdentity.swift	neutral path identity utilities	Foundation-only path semantics	RepoPromptCore	2	neutral-core	root/RepoPromptTests.WorkspaceRootBindingProjectionTests/testSelectionCanPhysicalizeForLookupThenLogicalizeForPersistence	assigned	current source	App presentation helpers stay
DEC-015	boundary_declaration	RepoPrompt	Sources/RepoPrompt/Infrastructure/WorkspaceContext/Search/RepoSearchQuery.swift; Sources/RepoPrompt/Infrastructure/WorkspaceContext/Search/PathSearchIndex.swift	neutral query/ranking/index values	deterministic search semantics	RepoPromptCore	2	search	root/RepoPromptTests.PathSearchIndexRecoveryTests/testSearchMatchesFilenameSubpathTokensAndPublishesDeterministicRankMetadata	assigned	current source	Actor/store services move Phase 4
DEC-016	boundary_declaration	RepoPrompt	Sources/RepoPrompt/Infrastructure/WorkspaceContext/PathResolution/WorkspacePathPolicy.swift	WorkspaceRootRef; RootAliasOptions; RootAliasResolution; PathResolutionIssue; ClientPathFormatter	logical/physical root identity and client labels	RepoPromptCore neutral values; app presentation extensions may remain	2	path-lookup	root/RepoPromptTests.WorkspaceRootBindingProjectionTests/testFileTreeSnapshotIsDisplayedAsLogicalRoot	assigned	current source	Preserve logical labels and compatibility aliases
CALL-001	callsite_class	RepoPrompt	Sources/RepoPrompt/Features/Workspaces/ViewModels/WorkspaceManagerViewModel.swift	workspace arrays/switching/readiness/persistence authority	direct ownership of DEC-001..005	app adapter then Core authority	5	app-authority	root/RepoPromptTests.WorkspaceSelectionPersistenceTests/testDiskWriterMergesNewerSelectionIntoNewerDiskInsteadOfSkipping	assigned	plan critical map	Remains writable until atomic Phase 5 cutover
CALL-002	callsite_class	RepoPrompt	Sources/RepoPrompt/Infrastructure/WorkspaceContext/Selection/WorkspaceSelectionCoordinator.swift	selection mutation/mirroring/peer propagation	direct manager and compose-tab access	app observation/command adapter	5	app-authority	root/RepoPromptTests.WorkspaceSelectionCoordinatorTests/testMCPMirrorRepairsAfterABATabTransitionDuringSuspension	assigned	plan critical map	Phase 2 consumes typealiases only
CALL-003	callsite_class	RepoPrompt	Sources/RepoPrompt/Infrastructure/WorkspaceContext/WorkspaceFileContextStore.swift	root lifetime/catalog/search/codemap authority	depends on neutral values	RepoPromptCore	4	core-engine	root/RepoPromptTests.WorkspaceFileContextStoreTests/testStalePublisherLifetimeCannotMutateCurrentRootState	assigned	plan critical map	Do not reconstruct in Phase 2
CALL-004	callsite_class	RepoPrompt	Sources/RepoPrompt/Features/WorkspaceFiles/ViewModels/WorkspaceFilesViewModel.swift	UI root/selection projection	direct concrete values	RepoPrompt app presentation	2	app-presentation	root/RepoPromptTests.WorkspaceRootSyncTests/testRootShellProjectionsMirrorRootOrderAndHideSystemRootsForVisibleProjection	assigned	current source	Import/typealias transition only
CALL-005	callsite_class	RepoPrompt	Sources/RepoPrompt/Features/Prompt/Services/PromptContextPreAssemblyService.swift	prompt/review orchestration	app policy plus factual projections	RepoPrompt policy calling RepoPromptCore factual API	6	prompt-policy	root/RepoPromptTests.PromptContextPreAssemblyServiceTests/testDelegatedArtifactRequiresExactFrozenConsumerAtPreassemblyBoundary	assigned	plan critical map	Git authority stays app-owned
CALL-006	callsite_class	RepoPrompt	Sources/RepoPrompt/Infrastructure/MCP/MCPBindingResolver.swift	window/session routing	current app/window authority	RepoPrompt runtime registry adapter	7	mcp-runtime	root/RepoPromptTests.MCPReadFileAutoSelectionCoordinatorTests/testReplacementBindingGenerationDropsOldWorkAndAcceptsNewWork	assigned	plan critical map	External priority/error compatibility retained
CALL-007	callsite_class	RepoPrompt	Sources/RepoPrompt/Features/CodeMap	code structure scanners/models	models consume RepoPromptSyntaxCBridge; UI consumes RepoPromptCore values	split neutral models/runtime from app UI	2	codemap	root/RepoPromptTests.CodeMapGoldenTests/testSnapshotFileTreeMarksCodeMapFixtures	assigned	current source	Scanner extraction is later phase
PST-001	persisted_field	RepoPrompt	Sources/RepoPrompt/Features/Workspaces/WorkspaceModel.swift	workspace.json field set/defaults/order	see contracts/persistence-schema.md	RepoPromptCore values with app path policy	2	workspace-persistence	root/RepoPromptTests.WorkspaceRootSyncTests/testWorkspacePersistenceLegacyDecodeCurrentEncodeAndCurrentReaderRoundTripContract	frozen	Phase 0 characterization	Exact fixture moves with type
PST-002	persisted_field	RepoPrompt	Sources/RepoPrompt/Features/Workspaces/ViewModels/WorkspaceManagerViewModel.swift	workspacesIndex.json	id; name; customStoragePath; isSystemWorkspace; isHiddenInMenus	RepoPromptCore value/app persistence transaction	2	workspace-persistence		frozen	Phase 0 characterization	Index order and current decode failure behavior frozen
PST-003	persisted_field	RepoPrompt	Sources/RepoPrompt/Features/Workspaces/ViewModels/WorkspaceManagerViewModel.swift	dirty/saved and selection revision semantics	state versions; nonpersisted monotonic revisions; stale reconciliation	WorkspaceSessionController	5	workspace-persistence	root/RepoPromptTests.WorkspaceSelectionPersistenceTests/testDiskWriterPreservesNewerSelectionRevisionAgainstLaterStalePayload	frozen	Phase 0 characterization	Authority moves atomically
TST-001	live_test	RepoPromptTests	Tests/RepoPromptTests/WorkspaceRootSyncTests.swift	root/RepoPromptTests.WorkspaceRootSyncTests/testWorkspacePersistenceLegacyDecodeCurrentEncodeAndCurrentReaderRoundTripContract	3 persistence compatibility scenarios	core/RepoPromptCoreTests equivalent after DEC-001 move	2	test-owner	root/RepoPromptTests.WorkspaceRootSyncTests/testWorkspacePersistenceLegacyDecodeCurrentEncodeAndCurrentReaderRoundTripContract	frozen	Phase 0 addition	Old to new ID recorded when moved
TST-002	live_test	RepoPromptTests	Tests/RepoPromptTests/WorkspaceContext/WorkspaceRootBindingProjectionTests.swift	root/RepoPromptTests.WorkspaceRootBindingProjectionTests/testMaterializerFailsClosedWhenPhysicalRootCannotBeLoaded	fail-closed physical root	moved to lowest faithful Core/CoreMacOS target by layer	2	test-owner	root/RepoPromptTests.WorkspaceRootBindingProjectionTests/testMaterializerFailsClosedWhenPhysicalRootCannotBeLoaded	assigned	authoritative list	Materializer move occurs later
TST-003	live_test	RepoPromptTests	Tests/RepoPromptTests/WorkspaceContext/WorkspaceFileContextStoreTests.swift	root/RepoPromptTests.WorkspaceFileContextStoreTests/testValidatedSessionScopeRejectsSamePathRootReplacement	root lifetime/generation identity	core/ when store moves	4	test-owner	root/RepoPromptTests.WorkspaceFileContextStoreTests/testValidatedSessionScopeRejectsSamePathRootReplacement	assigned	authoritative list	Remain root through Phase 2
TST-004	live_test	RepoPromptTests	Tests/RepoPromptTests/WorkspaceContext/Search/StoreBackedWorkspaceSearchTests.swift	root/RepoPromptTests.StoreBackedWorkspaceSearchTests/testQueuedBroadSearchRejectsSupersededReadinessTicketAfterAdmission	readiness supersession	core/ when search moves	4	test-owner	root/RepoPromptTests.StoreBackedWorkspaceSearchTests/testQueuedBroadSearchRejectsSupersededReadinessTicketAfterAdmission	assigned	authoritative list	Remain root through Phase 2
TST-005	live_test	RepoPromptTests	Tests/RepoPromptTests/WorkspaceContext/WorkspaceSelectionCoordinatorTests.swift	root/RepoPromptTests.WorkspaceSelectionCoordinatorTests/testMCPMirrorRepairsAfterABATabTransitionDuringSuspension	selection ABA and mirroring	split Core revision state/root MainActor adapter in Phase 5	5	test-owner	root/RepoPromptTests.WorkspaceSelectionCoordinatorTests/testMCPMirrorRepairsAfterABATabTransitionDuringSuspension	assigned	authoritative list	No Phase 2 ID move
TST-006	live_test	RepoPromptTests	Tests/RepoPromptTests/Prompt/PromptContextAccountingServiceTests.swift	root/RepoPromptTests.PromptContextAccountingServiceTests/testExactSelectedFilesPreserveStoredSelectionOrderAfterBatchLookupAndConcurrentReads	selection/prompt factual ordering	core/ factual test after Phase 6	6	test-owner	root/RepoPromptTests.PromptContextAccountingServiceTests/testExactSelectedFilesPreserveStoredSelectionOrderAfterBatchLookupAndConcurrentReads	assigned	authoritative list	Neutral value assertions may move earlier only if faithful
TST-007	live_test	RepoPromptTests	Tests/RepoPromptTests/Prompt/SelectedGitDiffArtifactAuthorizationServiceTests.swift	root/RepoPromptTests.SelectedGitDiffArtifactAuthorizationServiceTests/testWrongWorkspaceRootTraversalAndStaleCapabilityFailClosed	review authorization and stale capability	root/ remains	6	test-owner	root/RepoPromptTests.SelectedGitDiffArtifactAuthorizationServiceTests/testWrongWorkspaceRootTraversalAndStaleCapabilityFailClosed	frozen	authoritative list	App policy never moves
P1-001	phase1_implementation	none	Package.swift	five production target roots	no Phase 1 targets	RepoPromptCore; RepoPromptCoreMacOS; RepoPromptPOSIXSupport; RepoPromptSyntaxCBridge; RepoPromptHeadless	1	package-control-plane		implemented	Phase 1 implementation at e30f104d	Scaffold-only sources; no DEC-* declaration or runtime authority moved
P1-002	phase1_implementation	none	Package.swift	repoprompt-headless executable product	no standalone product	repoprompt-headless backed by RepoPromptHeadless	1	package-control-plane		implemented	Phase 1 implementation; ADR-001; ADR-002	Compile-only no-I/O scaffold; Phase 8 owns protocol, state, packaging, install, and smoke behavior
P1-003	control_plane	Package.swift	Scripts/core_isolation_guardrails.py	dependency/import/declaration/C-symbol/package separation	frozen graph documented only	executable source and manifest enforcement	1	package-control-plane		implemented	Phase 1 implementation; P0-09; P0-10	Deterministic negative tests cover reverse edge, forbidden imports, rpce_ namespace, app/headless separation, and placeholder test targets
P1-004	control_plane	Scripts/conductor.py	Scripts/conductor.py; Makefile; .github/workflows/ci.yml	production target/product build vocabulary	two product choices and no target selector	three products plus five explicit target choices	1	build-control-plane		implemented	Phase 1 implementation	All operations retain the serialized build lane; no Phase 8 packaging/smoke operation added
P1-005	control_plane	Scripts/generate_xcode_workspace.py	Scripts/generate_xcode_workspace.py	generated Xcode scaffold graph	two native executable products and three convenience workflows	three native executable products; five new production targets; same three convenience workflows	1	xcode-control-plane		implemented	Phase 1 implementation	No dedicated empty test target or fourth convenience workflow
P1-006	test_vocabulary	Scripts/test_suite_optimizer.py	Scripts/test_suite_optimizer.py	seven-prefix authoritative ledger vocabulary	root/; provider/	root/; provider/; core/; core-macos/; posix/; syntax-c-bridge/; headless/	1	test-control-plane		implemented	Phase 1 implementation	Manifest-declared targets are mandatory and nonempty; absent reserved targets contribute zero rows and no list call
P1-007	test_lane	none	none	five dedicated isolated test targets and list lanes	reserved only	remain absent until first meaningful contract test moves	1	test-control-plane		verified_absent	Phase 1 implementation; PKG-010..014	No placeholder XCTest IDs; existing root/provider IDs and scenario totals unchanged
P1-008	ledger_correction	P1-001	docs/core-isolation/migration-ledger.tsv	P1-001 implementation provenance	Phase 1 implementation at e30f104d	implemented from base e30f104d in the uncommitted Phase 1 worktree	1	package-control-plane		corrects_provenance	Phase 1 independent review	Supersedes only P1-001 provenance wording; e30f104d is the base checkpoint, not an implementation commit
P2-DEC-001	phase2_implementation	RepoPromptCore	Sources/RepoPromptCore/Workspaces	workspace persistence graph plus FilesTab/CopyCustomizations option dependencies	one Core concrete owner; package-scoped cross-target API	Sources/RepoPromptCore/Workspaces	2	neutral-core	core/RepoPromptCoreTests.WorkspaceRootSyncTests/testWorkspacePersistenceLegacyDecodeCurrentEncodeAndCurrentReaderRoundTripContract; core/RepoPromptCoreTests.WorkspaceRootSyncTests/testWorkspaceDecodeCreatesDefaultComposeTabAndIgnoresRemovedLegacyFields; core/RepoPromptCoreTests.WorkspaceRootSyncTests/testNewWorkspaceBytesDecodeThroughIndependentLegacyRollbackReader	implemented	Phase 2 from checkpoint b3eb2222	Supersedes DEC-001 assigned status; later-phase engines/platform adapters remain in RepoPrompt.
P2-DEC-002	phase2_implementation	RepoPromptCore	Sources/RepoPromptCore/WorkspaceContext/Models/WorkspaceFileContextModels.swift	validated scopes root kinds and root/folder/file records	one Core concrete owner; package-scoped cross-target API	Sources/RepoPromptCore/WorkspaceContext/Models/WorkspaceFileContextModels.swift	2	neutral-core		implemented	Phase 2 from checkpoint b3eb2222	Supersedes DEC-002 assigned status; later-phase engines/platform adapters remain in RepoPrompt.
P2-DEC-003	phase2_implementation	RepoPromptCore	Sources/RepoPromptCore/WorkspaceContext/Models/WorkspaceFileContextModels.swift	readiness tickets states errors and root-load failure value	one Core concrete owner; package-scoped cross-target API	Sources/RepoPromptCore/WorkspaceContext/Models/WorkspaceFileContextModels.swift	2	neutral-core		implemented	Phase 2 from checkpoint b3eb2222	Supersedes DEC-003 assigned status; later-phase engines/platform adapters remain in RepoPrompt.
P2-DEC-004	phase2_implementation	RepoPromptCore	Sources/RepoPromptCore/WorkspaceContext/Models/WorkspaceFileContextModels.swift	catalog diagnostics entries access requirements and query results	one Core concrete owner; package-scoped cross-target API	Sources/RepoPromptCore/WorkspaceContext/Models/WorkspaceFileContextModels.swift	2	neutral-core		implemented	Phase 2 from checkpoint b3eb2222	Supersedes DEC-004 assigned status; later-phase engines/platform adapters remain in RepoPrompt.
P2-DEC-005	phase2_implementation	RepoPromptCore	Sources/RepoPromptCore/WorkspaceContext/Models/WorkspaceFileContextModels.swift	path lookup request location result and resolved candidate values	one Core concrete owner; package-scoped cross-target API	Sources/RepoPromptCore/WorkspaceContext/Models/WorkspaceFileContextModels.swift	2	neutral-core		implemented	Phase 2 from checkpoint b3eb2222	Supersedes DEC-005 assigned status; later-phase engines/platform adapters remain in RepoPrompt.
P2-DEC-006	phase2_implementation	RepoPromptCore	Sources/RepoPromptCore/WorkspaceContext/PathLookup/PathMatchTypes.swift	path match location/cache/profile/options plus creation/heterogeneous values	one Core concrete owner; package-scoped cross-target API	Sources/RepoPromptCore/WorkspaceContext/PathLookup/PathMatchTypes.swift	2	neutral-core		implemented	Phase 2 from checkpoint b3eb2222	Supersedes DEC-006 assigned status; later-phase engines/platform adapters remain in RepoPrompt.
P2-DEC-007	phase2_implementation	RepoPromptCore	Sources/RepoPromptCore/WorkspaceContext/PathLookup/PathCharPolicy.swift	PathCharPolicy	one Core concrete owner; package-scoped cross-target API	Sources/RepoPromptCore/WorkspaceContext/PathLookup/PathCharPolicy.swift	2	neutral-core		implemented	Phase 2 from checkpoint b3eb2222	Supersedes DEC-007 assigned status; later-phase engines/platform adapters remain in RepoPrompt.
P2-DEC-008	phase2_implementation	RepoPromptCore	Sources/RepoPromptCore/WorkspaceContext/Slices	LineRange and SliceRangeMath	one Core concrete owner; package-scoped cross-target API	Sources/RepoPromptCore/WorkspaceContext/Slices	2	neutral-core		implemented	Phase 2 from checkpoint b3eb2222	Supersedes DEC-008 assigned status; later-phase engines/platform adapters remain in RepoPrompt.
P2-DEC-009	phase2_implementation	RepoPromptCore	Sources/RepoPromptCore/WorkspaceContext/Models/WorkspaceFileContextModels.swift	resolved selection and prompt projection values	one Core concrete owner; package-scoped cross-target API	Sources/RepoPromptCore/WorkspaceContext/Models/WorkspaceFileContextModels.swift	2	neutral-core		implemented	Phase 2 from checkpoint b3eb2222	Supersedes DEC-009 assigned status; later-phase engines/platform adapters remain in RepoPrompt.
P2-DEC-010	phase2_implementation	RepoPromptCore	Sources/RepoPromptCore/WorkspaceContext/TokenAccounting	token calculation snapshots and estimator leaf	one Core concrete owner; package-scoped cross-target API	Sources/RepoPromptCore/WorkspaceContext/TokenAccounting	2	neutral-core		implemented	Phase 2 from checkpoint b3eb2222	Supersedes DEC-010 assigned status; later-phase engines/platform adapters remain in RepoPrompt.
P2-DEC-011	phase2_implementation	RepoPromptCore	Sources/RepoPromptCore/CodeMap/Models/FileAPI.swift	FileAPI factual codemap values	one Core concrete owner; package-scoped cross-target API	Sources/RepoPromptCore/CodeMap/Models/FileAPI.swift	2	neutral-core		implemented	Phase 2 from checkpoint b3eb2222	Supersedes DEC-011 assigned status; later-phase engines/platform adapters remain in RepoPrompt.
P2-DEC-012	phase2_implementation	RepoPromptCore	Sources/RepoPromptCore/WorkspaceContext/Models/WorkspaceFileContextModels.swift	codemap snapshot/bundle/render/repair/update values	one Core concrete owner; package-scoped cross-target API	Sources/RepoPromptCore/WorkspaceContext/Models/WorkspaceFileContextModels.swift	2	neutral-core		implemented	Phase 2 from checkpoint b3eb2222	Supersedes DEC-012 assigned status; later-phase engines/platform adapters remain in RepoPrompt.
P2-DEC-013	phase2_implementation	RepoPromptCore	Sources/RepoPromptCore/Regex	regex toolkit adapter and Swift PCRE2 dependency values	one Core concrete owner; package-scoped cross-target API	Sources/RepoPromptCore/Regex	2	neutral-core		implemented	Phase 2 from checkpoint b3eb2222	Supersedes DEC-013 assigned status; later-phase engines/platform adapters remain in RepoPrompt.
P2-DEC-014	phase2_implementation	RepoPromptCore	Sources/RepoPromptCore/Utilities	relative standardized and checkout path identity utilities	one Core concrete owner; package-scoped cross-target API	Sources/RepoPromptCore/Utilities	2	neutral-core		implemented	Phase 2 from checkpoint b3eb2222	Supersedes DEC-014 assigned status; later-phase engines/platform adapters remain in RepoPrompt.
P2-DEC-015	phase2_implementation	RepoPromptCore	Sources/RepoPromptCore/WorkspaceContext/Search	RepoSearchQuery and immutable PathSearchIndex	one Core concrete owner; package-scoped cross-target API	Sources/RepoPromptCore/WorkspaceContext/Search	2	neutral-core	core/RepoPromptCoreTests.RepoSearchQueryRecoveryTests/testFactoryNormalizesBoundsSlashAndWildcardSupport; core/RepoPromptCoreTests.PathSearchIndexRecoveryTests/testSearchMatchesFilenameSubpathTokensAndPublishesDeterministicRankMetadata	implemented	Phase 2 from checkpoint b3eb2222	Supersedes DEC-015 assigned status; later-phase engines/platform adapters remain in RepoPrompt.
P2-DEC-016	phase2_implementation	RepoPromptCore	Sources/RepoPromptCore/WorkspaceContext/PathResolution/WorkspacePathPolicy.swift	workspace root/alias/issue/client path values	one Core concrete owner; package-scoped cross-target API	Sources/RepoPromptCore/WorkspaceContext/PathResolution/WorkspacePathPolicy.swift	2	neutral-core		implemented	Phase 2 from checkpoint b3eb2222	Supersedes DEC-016 assigned status; later-phase engines/platform adapters remain in RepoPrompt.
P2-DISC-001	boundary_declaration	RepoPrompt	Sources/RepoPrompt/Features/Prompt/Models/FilesTab.swift; CopyCustomizations and option declaration paths	FilesTab; CopyCustomizations; FileTreeOption; CodeMapUsage; GitInclusion	persisted WorkspaceModel dependency graph	Sources/RepoPromptCore/Workspaces	2	workspace-persistence	core/RepoPromptCoreTests.WorkspaceRootSyncTests/testWorkspacePersistenceLegacyDecodeCurrentEncodeAndCurrentReaderRoundTripContract	implemented	Phase 2 dependency discovery from DEC-001	Required to move WorkspaceModel without changing persisted raw values or Codable keys.
P2-DISC-002	boundary_declaration	RepoPrompt	Sources/RepoPrompt/Infrastructure/WorkspaceContext/PathLookup/PathMatchingInterfaces.swift	FileRecord; FolderRecord; FileHierarchyReadable; FrozenFileRecord; FrozenFolderRecord	neutral path-match protocol/value dependencies of DEC-006	Sources/RepoPromptCore/WorkspaceContext/PathLookup/PathMatchingInterfaces.swift	2	path-lookup		implemented	Phase 2 dependency discovery from DEC-006	App-only view-model convenience initializers remain as narrow extensions.
P2-DISC-003	boundary_declaration	RepoPrompt	Sources/RepoPrompt/Features/CodeMap/FileTreeSelectionSnapshot.swift	FileTreeSelectionSnapshot value graph	neutral dependency of DEC-010 token snapshot	Sources/RepoPromptCore/CodeMap/FileTreeSelectionSnapshot.swift	2	prompt-accounting		implemented	Phase 2 dependency discovery from DEC-010	No renderer or engine moved.
P2-DISC-004	boundary_declaration	RepoPrompt	Sources/RepoPrompt/ThirdParty/SwiftPCRE2	Swift PCRE2 wrapper value/runtime dependencies	neutral dependency of DEC-013 and BRG-004	Sources/RepoPromptCore/Regex	2	neutral-core		implemented	Phase 2 dependency discovery from DEC-013	Existing CSwiftPCRE2 implementation remains single-owned; no C bridge or symbol move.
P2-DISC-005	boundary_declaration	RepoPrompt	Sources/RepoPrompt/Infrastructure/WorkspaceContext/Models/WorkspaceFileContextModels.swift	WorkspaceRootLoadFailure	readiness-state value dependency	Sources/RepoPromptCore/WorkspaceContext/Models/WorkspaceFileContextModels.swift	2	workspace-context		implemented	Phase 2 dependency discovery from DEC-003	Foundation-only value; no root-loading engine moved.
P2-DISC-006	boundary_declaration	RepoPrompt	Sources/RepoPrompt/Infrastructure/WorkspaceContext/TokenAccounting/TokenCalculationService.swift	TokenEstimator	deterministic UTF-8 token estimate used by moved FileAPI/codemap values	Sources/RepoPromptCore/WorkspaceContext/TokenAccounting/TokenEstimator.swift	2	prompt-accounting		implemented	Phase 2 dependency discovery from DEC-010/DEC-011	App service retains only a forwarding static method; actor/accounting service remains Phase 6.
P2-COMPAT-001	compatibility_alias	RepoPrompt	Sources/RepoPrompt/App/CoreCompatibilityAliases.swift	Phase 2 moved declaration aliases	temporary app names only; no concrete implementation	RepoPromptCore concrete types	2	app-compatibility		temporary	Phase 2 implementation	All aliases are enumerated in one classified file and deferred for Phase 9 removal.
P2-COMPAT-002	forwarding_adapter	RepoPrompt	Sources/RepoPrompt/Infrastructure/WorkspaceContext/TokenAccounting/TokenCalculationService.swift	TokenCalculationService.estimateTokens	forwards exact deterministic estimate to Core TokenEstimator	RepoPromptCore.TokenEstimator	2	app-compatibility		temporary	Phase 2 implementation	No duplicate estimator implementation.
P2-COMPAT-003	forwarding_adapter	RepoPrompt	Sources/RepoPrompt/Infrastructure/WorkspaceContext/PathLookup/PathMatchingInterfaces.swift	FrozenFileRecord/FrozenFolderRecord view-model initializers	app presentation capture forwards primitives into Core values	RepoPromptCore frozen records	2	app-compatibility		temporary	Phase 2 implementation	Keeps FileViewModel/FolderViewModel out of Core.
P2-TST-001	test_move	RepoPromptTests	Tests/RepoPromptTests	root/RepoPromptTests.WorkspaceRootSyncTests/testWorkspacePersistenceLegacyDecodeCurrentEncodeAndCurrentReaderRoundTripContract	exact authoritative XCTest ID	RepoPromptCoreTests	2	test-owner	core/RepoPromptCoreTests.WorkspaceRootSyncTests/testWorkspacePersistenceLegacyDecodeCurrentEncodeAndCurrentReaderRoundTripContract	implemented	Phase 2 authoritative lists	root/RepoPromptTests.WorkspaceRootSyncTests/testWorkspacePersistenceLegacyDecodeCurrentEncodeAndCurrentReaderRoundTripContract -> core/RepoPromptCoreTests.WorkspaceRootSyncTests/testWorkspacePersistenceLegacyDecodeCurrentEncodeAndCurrentReaderRoundTripContract. Three scenarios preserved.
P2-TST-002	test_move	RepoPromptTests	Tests/RepoPromptTests	root/RepoPromptTests.WorkspaceRootSyncTests/testWorkspaceDecodeCreatesDefaultComposeTabAndIgnoresRemovedLegacyFields	exact authoritative XCTest ID	RepoPromptCoreTests	2	test-owner	core/RepoPromptCoreTests.WorkspaceRootSyncTests/testWorkspaceDecodeCreatesDefaultComposeTabAndIgnoresRemovedLegacyFields	implemented	Phase 2 authoritative lists	root/RepoPromptTests.WorkspaceRootSyncTests/testWorkspaceDecodeCreatesDefaultComposeTabAndIgnoresRemovedLegacyFields -> core/RepoPromptCoreTests.WorkspaceRootSyncTests/testWorkspaceDecodeCreatesDefaultComposeTabAndIgnoresRemovedLegacyFields. One scenario preserved.
P2-TST-003	test_move	RepoPromptTests	Tests/RepoPromptTests	root/RepoPromptTests.RepoSearchQueryRecoveryTests/testFactoryNormalizesBoundsSlashAndWildcardSupport	exact authoritative XCTest ID	RepoPromptCoreTests	2	test-owner	core/RepoPromptCoreTests.RepoSearchQueryRecoveryTests/testFactoryNormalizesBoundsSlashAndWildcardSupport	implemented	Phase 2 authoritative lists	root/RepoPromptTests.RepoSearchQueryRecoveryTests/testFactoryNormalizesBoundsSlashAndWildcardSupport -> core/RepoPromptCoreTests.RepoSearchQueryRecoveryTests/testFactoryNormalizesBoundsSlashAndWildcardSupport. One curated scenario preserved.
P2-TST-004	test_move	RepoPromptTests	Tests/RepoPromptTests	root/RepoPromptTests.PathSearchIndexRecoveryTests/testSearchMatchesFilenameSubpathTokensAndPublishesDeterministicRankMetadata	exact authoritative XCTest ID	RepoPromptCoreTests	2	test-owner	core/RepoPromptCoreTests.PathSearchIndexRecoveryTests/testSearchMatchesFilenameSubpathTokensAndPublishesDeterministicRankMetadata	implemented	Phase 2 authoritative lists	root/RepoPromptTests.PathSearchIndexRecoveryTests/testSearchMatchesFilenameSubpathTokensAndPublishesDeterministicRankMetadata -> core/RepoPromptCoreTests.PathSearchIndexRecoveryTests/testSearchMatchesFilenameSubpathTokensAndPublishesDeterministicRankMetadata. One curated scenario preserved.
P2-TST-005	live_test	none	Tests/RepoPromptCoreTests/WorkspaceRootSyncTests.swift	core/RepoPromptCoreTests.WorkspaceRootSyncTests/testNewWorkspaceBytesDecodeThroughIndependentLegacyRollbackReader	one independent rollback-reader compatibility scenario	RepoPromptCoreTests	2	test-owner	core/RepoPromptCoreTests.WorkspaceRootSyncTests/testNewWorkspaceBytesDecodeThroughIndependentLegacyRollbackReader	implemented	Phase 2 persistence close gate	New Core bytes decode through an independent test-only legacy rollback DTO; complements old bytes -> new Core type coverage.
P2-TST-006	live_test	none	Tests/RepoPromptCoreTests/WorkspacePersistedOptionCompatibilityTests.swift	core/RepoPromptCoreTests.WorkspacePersistedOptionCompatibilityTests/testPersistedWorkspaceOptionRawValuesOrderingAndCodableBytesRemainStable	five persisted option compatibility scenarios	RepoPromptCoreTests	2	test-owner	core/RepoPromptCoreTests.WorkspacePersistedOptionCompatibilityTests/testPersistedWorkspaceOptionRawValuesOrderingAndCodableBytesRemainStable	implemented	Phase 2 independent review	Directly freezes FileTreeOption, CodeMapUsage, GitInclusion, FilesTab, and CopyCustomizations raw values/order/bytes after their discovered DEC-001 dependency move.
P2-APP-001	retained_app_extension	RepoPrompt	Sources/RepoPrompt/Features/CodeMap/CodeMapExtractor.swift; Sources/RepoPrompt/Features/Prompt/Models/Copy/CopyPreset.swift; Sources/RepoPrompt/Features/Prompt/Models/FilesTab.swift; Sources/RepoPrompt/Infrastructure/WorkspaceContext/PathResolution/WorkspacePathPolicy.swift	codemap rendering and presentation defaults/labels	app-only rendering and presentation policy over Core values	RepoPrompt	2	app-policy		retained_app	Phase 2 independent review	Classifies the retained renderedCodemap, defaultTab, renderedLabel, and PathResolutionIssueRenderer extensions; these are not duplicate concrete value owners or Core forwarders.
P3-PLAT-001	boundary_declaration	RepoPrompt	Sources/RepoPrompt/Infrastructure/FileSystem; Sources/RepoPrompt/Infrastructure/Process; Sources/RepoPrompt/Infrastructure/Security	watcher/directory/content/mutation/process/security/signing/diagnostics/path contracts	Foundation/Dispatch-only values and protocols; no app orchestration or platform imports	Sources/RepoPromptCore/Platform	3	neutral-core		implemented	Phase 3 from checkpoint f131b789	Only platform callbacks and leaf contracts moved; Combine publication, WorkspaceFileContextStore, ingress/coalescing, root lifetime, and app policy remain in RepoPrompt.
P3-POSIX-001	implementation_move	RepoPromptShared	Sources/RepoPromptShared/MCP/POSIXDescriptorSupport.swift	POSIXDescriptorSupport and POSIXDescriptorError	descriptor flags/socket shutdown implementation	Sources/RepoPromptPOSIXSupport/POSIXDescriptorSupport.swift	3	posix-support	posix/RepoPromptPOSIXSupportTests.POSIXDescriptorSupportTests/testSetCloseOnExecPreservesExistingDescriptorFlags; posix/RepoPromptPOSIXSupportTests.POSIXDescriptorSupportTests/testInvalidDescriptorProducesTypedError; posix/RepoPromptPOSIXSupportTests.POSIXDescriptorSupportTests/testNegativeSocketShutdownIsANoOp	implemented	Phase 3 from checkpoint f131b789	Single canonical package-scoped owner shared by app and MCP.
P3-POSIX-002	implementation_move	RepoPrompt	Sources/RepoPrompt/Infrastructure/Process/FDWriteSupport.swift	FDWriteSupport and FDWriteError	low-level descriptor write helper	Sources/RepoPromptPOSIXSupport/FDWriteSupport.swift	3	posix-support		implemented	Phase 3 from checkpoint f131b789	App and CLI import RepoPromptPOSIXSupport explicitly.
P3-BRG-001	bridge_migration	RepoPrompt	Sources/RepoPrompt/Support/RepoPrompt-Bridging-Header.h; Package.swift	tree_sitter_* declarations and target-wide bridging flags	exactly fourteen upstream declarations; no implementation	Sources/RepoPromptSyntaxCBridge/include/RepoPromptSyntaxCBridge.h	3	syntax-bridge		implemented	Phase 3 from checkpoint f131b789	Old header and -import-objc-header/-disable-bridging-pch flags removed; syntax target is canonical declaration/link owner.
P3-SEC-001	implementation_move	RepoPrompt	Sources/RepoPrompt/Infrastructure/Security/KeychainService.swift	KeychainService, SecItemClient, SystemSecItemClient	Security-backed adapter over neutral secure-storage contract	Sources/RepoPromptCoreMacOS/KeychainService.swift	3	macos-security	core-macos/RepoPromptCoreMacOSTests.KeychainServiceTests/testNoninteractiveReadAddsUISkip; core-macos/RepoPromptCoreMacOSTests.KeychainServiceTests/testInteractiveReadDoesNotAddUISkip; core-macos/RepoPromptCoreMacOSTests.KeychainServiceTests/testReadMapsSecurityStatusesToSanitizedErrors; core-macos/RepoPromptCoreMacOSTests.KeychainServiceTests/testCanonicalMissingThrowsItemNotFoundWithoutFallback; core-macos/RepoPromptCoreMacOSTests.KeychainServiceTests/testCanonicalInteractionDenialFailsClosedWithoutFallback; core-macos/RepoPromptCoreMacOSTests.KeychainServiceTests/testDeleteDeletesOnlyCanonicalService; core-macos/RepoPromptCoreMacOSTests.KeychainServiceTests/testSaveUpdatesCanonicalNoninteractiveItemWithoutAddingWhenPresent; core-macos/RepoPromptCoreMacOSTests.KeychainServiceTests/testSaveAddsCanonicalNoninteractiveItemAfterMissingUpdate; core-macos/RepoPromptCoreMacOSTests.KeychainServiceTests/testPersistentServiceNamesAreIsolatedAndLegacyIsRepairOnly	implemented	Phase 3 from checkpoint f131b789	All nine tests moved intact from root to direct adapter target.
P3-SEC-002	adapter_split	RepoPrompt	Sources/RepoPrompt/Infrastructure/Security/RuntimeCodeSigningDetector.swift	Runtime code-signing inspection	platform detector accepts neutral requirements; app owns policy requirements	Sources/RepoPromptCoreMacOS/RuntimeCodeSigningDetector.swift	3	macos-security		implemented	Phase 3 from checkpoint f131b789	Thin app wrapper preserves product policy and existing call sites.
P3-FS-001	adapter_split	RepoPrompt	Sources/RepoPrompt/Infrastructure/FileSystem/FileSystemService+FSEvents.swift	FSEvents stream lifecycle and callback translation	deep-copied neutral ordered event payloads; exact-once stop/dispose; late callback rejection	Sources/RepoPromptCoreMacOS/MacOSFSEventsWatcher.swift	3	macos-filesystem	core-macos/RepoPromptCoreMacOSTests.MacOSFSEventsWatcherTests/testOrderedSemanticEventsAreDeepCopiedBeforeDelivery; core-macos/RepoPromptCoreMacOSTests.MacOSFSEventsWatcherTests/testLateCallbackAfterStopIsIgnoredAndStopDisposesExactlyOnce; core-macos/RepoPromptCoreMacOSTests.MacOSFSEventsWatcherTests/testStartFailureReleasesCreatedStreamExactlyOnce	implemented	Phase 3 from checkpoint f131b789	Mailbox, watermarks, coalescing, recovery, root lifetime, and Combine publication remain app-owned.
P3-FS-002	adapter_split	RepoPrompt	Sources/RepoPrompt/Infrastructure/FileSystem/FileSystemService+DirectoryListing.swift	opendir/readdir/stat/realpath directory access	neutral directory entry/identity/scan contract	Sources/RepoPromptCoreMacOS/MacOSWorkspaceDirectoryAccess.swift	3	macos-filesystem		implemented	Phase 3 from checkpoint f131b789	Crawl and ignore policy remain app-owned.
P3-FS-003	adapter_split	RepoPrompt	Sources/RepoPrompt/Infrastructure/FileSystem/FileContentSnapshot.swift; FileSystemService+ContentLoading.swift	file snapshot and text decoding platform I/O	neutral snapshot/decoder/stream contracts	Sources/RepoPromptCoreMacOS/MacOSFileContentSnapshotReader.swift; Sources/RepoPromptCoreMacOS/MacOSFileContentDecoder.swift	3	macos-filesystem		implemented	Phase 3 from checkpoint f131b789	Scheduling, caches, telemetry, chunk orchestration, and app publication remain in RepoPrompt.
P3-FS-004	adapter_split	RepoPrompt	Sources/RepoPrompt/Infrastructure/FileSystem/FileSystemService+FileOperations.swift	low-level create/write/move/delete/trash/symlink operations	neutral mutation backend	Sources/RepoPromptCoreMacOS/MacOSWorkspaceFileMutationBackend.swift	3	macos-filesystem		implemented	Phase 3 from checkpoint f131b789	Validation, uncancellable waiting, reconciliation, and event publication remain app-owned.
P3-PROC-001	adapter_split	RepoPrompt	Sources/RepoPrompt/Infrastructure/Process/ProcessLauncher.swift	posix_spawn process launch and cancellation	neutral launch contract with concrete POSIX adapter	Sources/RepoPromptCoreMacOS/POSIXProcessLauncher.swift	3	macos-process		implemented	Phase 3 from checkpoint f131b789	Provider/product orchestration remains in RepoPrompt.
P3-COMPAT-001	compatibility_alias	RepoPrompt	Sources/RepoPrompt/App/CoreCompatibilityAliases.swift	Phase 3 neutral and adapter aliases	temporary app names only; no concrete implementation	RepoPromptCore and RepoPromptCoreMacOS concrete types	3	app-compatibility		temporary	Phase 3 from checkpoint f131b789	Deferred for compatibility cleanup; no duplicate declaration owner.
P3-TST-001	test_move	RepoPromptTests	Tests/RepoPromptTests/Security/KeychainServiceTests.swift	nine KeychainServiceTests authoritative IDs	direct adapter tests	Tests/RepoPromptCoreMacOSTests/KeychainServiceTests.swift	3	test-owner	core-macos/RepoPromptCoreMacOSTests.KeychainServiceTests	implemented	Phase 3 authoritative lists	Nine methods and scenarios moved without semantic changes.
P3-TST-002	live_test	none	Tests/RepoPromptCoreMacOSTests/MacOSFSEventsWatcherTests.swift	three direct watcher lifetime/callback contracts	deep-copy order, late-callback rejection/exact stop, start-failure disposal	RepoPromptCoreMacOSTests	3	test-owner	core-macos/RepoPromptCoreMacOSTests.MacOSFSEventsWatcherTests	implemented	Phase 3 adapter gate	New direct platform adapter coverage; does not test app ingress orchestration.
P3-TST-003	live_test	none	Tests/RepoPromptPOSIXSupportTests/POSIXDescriptorSupportTests.swift	three direct descriptor contracts	flag preservation, typed invalid-fd error, negative shutdown no-op	RepoPromptPOSIXSupportTests	3	test-owner	posix/RepoPromptPOSIXSupportTests.POSIXDescriptorSupportTests	implemented	Phase 3 adapter gate	Activates authoritative POSIX test and list lanes.
P3-REV-001	live_test	none	Tests/RepoPromptCoreMacOSTests/MacOSFSEventsWatcherTests.swift	fourth direct watcher delivery-barrier contract	external stop waits for an already accepted neutral delivery	RepoPromptCoreMacOSTests	3	test-owner	core-macos/RepoPromptCoreMacOSTests.MacOSFSEventsWatcherTests/testExternalStopWaitsForAnAcceptedDeliveryToFinish	implemented	Phase 3 single independent review	Supersedes P3-TST-002 method count: direct watcher coverage is four methods; callback stop/disposal remains adapter-only and app ingress orchestration stays deferred.
P4-ENG-001	implementation_move	RepoPrompt	Sources/RepoPrompt/Infrastructure/WorkspaceContext/WorkspaceFileContextStore.swift	WorkspaceFileContextStore root/catalog/generation authority	current root lifetimes, accepted/applied ingress, immutable leases, indexes/shards, caches, codemap state, typed scopes, cancellation, and teardown	Sources/RepoPromptCore/WorkspaceContext/WorkspaceFileContextStore.swift	4	core-engine		implemented_pending_validation	Phase 4 from checkpoint 9224bb74	Supersedes CALL-003 assigned ownership without starting Phase 5; exact validation evidence remains pending in phase-4.md.
P4-FS-001	implementation_move	RepoPrompt	Sources/RepoPrompt/Infrastructure/FileSystem	catalog-facing filesystem runtime	Phase 3 watcher/directory/content/mutation contracts plus current crawl, ignore, content scheduling, mutation reconciliation, ingress, and bounded-cache semantics	Sources/RepoPromptCore/FileSystem	4	core-engine		implemented_pending_validation	Phase 4 from checkpoint 9224bb74	Concrete macOS adapters remain in RepoPromptCoreMacOS; app paths, settings, and diagnostics presentation remain injected policy.
P4-SRCH-001	implementation_move	RepoPrompt	Sources/RepoPrompt/Features/Search; Sources/RepoPrompt/Infrastructure/WorkspaceContext/Search	store-backed lookup/search/index runtime	current deterministic filtering/ranking, root-local indexes, shard/overlay publication, broad-search admission, content-read backpressure, and cancellation	Sources/RepoPromptCore/WorkspaceContext/Search	4	search		implemented_pending_validation	Phase 4 from checkpoint 9224bb74	Supersedes the Phase 2 note on DEC-015; authoritative test-ID mappings and performance results remain pending.
P4-SLICE-001	implementation_move	RepoPrompt	Sources/RepoPrompt/Infrastructure/WorkspaceContext/Slices	slice persistence, assembly, rebase, and generation fences	current partition bytes, injected storage root, immutable pre-edit source, lifetime/file identity, ordering, and cancellation	Sources/RepoPromptCore/WorkspaceContext/Slices	4	slices		implemented_pending_validation	Phase 4 from checkpoint 9224bb74	WorkspaceManagerViewModel remains the compose-tab selection writer; Phase 5 authority is excluded.
P4-CMAP-001	implementation_move	RepoPrompt	Sources/RepoPrompt/Features/CodeMap	neutral codemap runtime collaborators	current scanner/query/cache/generation behavior with supplied runtime/cache paths and diagnostics	Sources/RepoPromptCore/CodeMap	4	codemap		implemented_pending_validation	Phase 4 from checkpoint 9224bb74	AppKit/SwiftUI and FileViewModel projection remains in RepoPrompt; prompt accounting/orchestration remains Phase 6.
P4-SYNTAX-001	implementation_move	RepoPrompt	Sources/RepoPrompt/Infrastructure/SyntaxParsing	neutral syntax queries and manager	SwiftTreeSitter plus RepoPromptSyntaxCBridge; no AppKit/Neon highlighting	Sources/RepoPromptCore/SyntaxParsing	4	neutral-core		implemented_pending_validation	Phase 4 from checkpoint 9224bb74	ComprehensiveHighlighter remains app-owned; upstream grammar symbols remain single-owned by the Phase 3 bridge graph.
P4-DISC-001	boundary_declaration	RepoPrompt	Sources/RepoPrompt/Infrastructure/WorkspaceContext/WorkspaceInteractiveReadCache.swift; WorkspaceSearchDecodedContentCache.swift; WorkspaceSessionWorktreeOwnership.swift; WorkspaceRootUnloadTermination.swift	current-only Phase 4 store collaborators absent from the Phase 0 boundary census	bounded coalesced read/search caches, root-lifetime ownership preparation, and bounded unload/stop completion	Sources/RepoPromptCore/WorkspaceContext	4	core-engine		implemented_pending_validation	Phase 4 current-tree dependency discovery	Append-only discovery row; exact lifetime/cache/cancellation test evidence remains pending.
P4-ADAPT-001	retained_app_adapter	RepoPrompt	Sources/RepoPrompt/App/CoreAdapters; Sources/RepoPrompt/App/WindowStateComposition.swift	legacy per-window Core runtime composition	one extracted engine per window with app-selected paths/settings/diagnostics and CoreMacOS adapters	RepoPrompt	4	app-compatibility		retained_app	Phase 4 from checkpoint 9224bb74	No second writable backend, duplicate watcher owner, revision allocator, persistence path, or command ingress is introduced.
P4-APP-001	retained_app_policy	RepoPrompt	Sources/RepoPrompt/Features/Workspaces/ViewModels/WorkspaceManagerViewModel.swift; Sources/RepoPrompt/Infrastructure/WorkspaceContext/Selection/WorkspaceSelectionCoordinator.swift; WorkspaceRootBindingProjection.swift; WorkspaceFileMutationService.swift; WorkspacePublishedGitArtifactIngress.swift; WorkspaceGitDiffSelectionResolver.swift	workspace authority, selection mirroring, binding projection, mutation and Git/review policy	legacy writable authority and app policy remain intact through Phase 4	RepoPrompt	4	app-policy		retained_app	Phase 4 scope boundary	Phase 5 controller/session/command cutover is explicitly excluded.
P4-PARITY-001	temporary_test_harness	RepoPromptTests; RepoPromptCoreTests	Tests/RepoPromptTests/WorkspaceContext/ReplayEvidenceHarnessTests.swift; Tests/RepoPromptCoreTests/WorkspaceContext/ReplayEvidenceHarnessTests.swift	immutable old/new replay evidence parity	fixed immutable outputs only; no dual writes, second watcher graph, persistence, revision allocation, or command admission	RepoPromptCoreTests	4	test-owner		implemented_pending_validation	Phase 4 temporary parity allowance	Exact executable ID, scenario count, result, and removal timing remain pending authoritative validation.
P4-TST-PENDING	test_move	RepoPromptTests	Tests/RepoPromptTests/Services/FileSystem; Tests/RepoPromptTests/WorkspaceContext	deterministic filesystem/store/search/slice suites	move to the lowest faithful Core/CoreMacOS targets while retaining only app composition/authority tests under root	RepoPromptCoreTests; RepoPromptCoreMacOSTests; RepoPromptTests	4	test-owner		pending_authoritative_lists	Phase 4 working tree	Append exact old-to-new IDs and preserved scenario counts in new rows after final authoritative lists; do not edit this or historical rows.
P4-NEUTRAL-001	adapter_split	RepoPrompt	Sources/RepoPrompt/Infrastructure/FileSystem/FileSystemService.swift; Sources/RepoPrompt/Infrastructure/WorkspaceContext/Slices/PartitionStore.swift	Combine publication and NotificationCenter slice-save presentation	ordered synchronous neutral event stream and injected immutable save event	Sources/RepoPromptCore/Platform/OrderedEventStream.swift; Sources/RepoPromptCore/WorkspaceContext/Slices/PartitionStore.swift	4	core-engine	core/RepoPromptCoreTests.FileSystemAcceptedIngressBarrierTests	implemented_pending_final_gate	Phase 4 neutrality correction	Core has zero Combine, AppKit, SwiftUI, Darwin, CoreServices, Security, OSLog/os, UserDefaults, or NotificationCenter ownership; the legacy app adapter posts the unchanged notification.
P4-DIAG-001	adapter_split	RepoPrompt	Sources/RepoPrompt/Infrastructure/Diffing/EditFlowPerf.swift; Sources/RepoPrompt/Features/Diagnostics/App/WorkspaceRootLoadDiagnostics.swift; Sources/RepoPrompt/Features/Diagnostics/MCP/MCPConnectionManager+DebugDiagnosticsApplyEditsRebaseLatency.swift	workspace runtime diagnostics, correlation, restore, apply-edits probes, and root-unload faults	neutral enabled/priority event sink with typed app routing and privacy-preserving fault presentation	Sources/RepoPromptCore/Platform/RuntimeDiagnostics.swift; Sources/RepoPromptCore/WorkspaceContext/WorkspaceRuntimePerf.swift; Sources/RepoPrompt/App/CoreAdapters/LegacyWorkspaceRuntimeFactory.swift	4	diagnostics	root/RepoPromptTests.MCPReadSearchLatencyDiagnosticsGuardTests	implemented_pending_final_gate	Phase 4 independent diagnostics audit	No-op sinks cannot activate or replace the app sink; moved intervals/lifecycle feed the existing EditFlow capture with request identity; apply-edits counters and root-load context are routed back to app authorities.
P4-DISC-002	boundary_declaration	RepoPrompt	Sources/RepoPrompt/Infrastructure/Concurrency/TaskSemaphore.swift; Sources/RepoPrompt/Infrastructure/Diffing/DiffEditCreator.swift; Sources/RepoPrompt/Features/WorkspaceFiles/Models/FileSystemItems.swift; Sources/RepoPrompt/Infrastructure/Utilities/StandardizedPath.swift	current neutral engine leaf dependencies absent from the Phase 0 census	bounded semaphore, diff edit construction, filesystem values, string/path helpers	Sources/RepoPromptCore/Utilities; Sources/RepoPromptCore/FileSystem/FileSystemItems.swift; Sources/RepoPromptCore/WorkspaceContext/Slices/StoredSelectionPathNormalization.swift	4	neutral-core		implemented_pending_final_gate	Phase 4 current-tree dependency discovery	Only exact neutral leaves required by the moved engine changed owner; app Git diff and presentation policy remain app-owned.
P4-ARTIFACT-001	implementation_move	RepoPrompt	Sources/RepoPrompt/Infrastructure/VCS/GitDiff/GitDiffPublishedArtifacts.swift	already-authorized published artifact value models	immutable metadata/content values only; no Git discovery or authorization	Sources/RepoPromptCore/WorkspaceContext/Models/PublishedGitArtifactModels.swift	4	neutral-core		implemented_pending_final_gate	Phase 4 current-tree dependency discovery	Creation, authorization, compare intent, and review policy remain in RepoPrompt; this does not begin Phase 6.
P4-COMPAT-001	compatibility_alias	RepoPrompt	Sources/RepoPrompt/App/CoreCompatibilityAliases.swift	Phase 4 engine/model/search/slice/codemap aliases	temporary app names and narrow forwarding adapters only; one concrete owner remains	RepoPromptCore concrete declarations	4	app-compatibility		temporary	Phase 4 compile migration	Remove only after downstream app call sites migrate; aliases construct no backend and accept no writes.
P4-TOKEN-001	retained_app_policy	RepoPrompt	Sources/RepoPrompt/Features/Prompt	Phase 4 token collaborator boundary	Phase 2 Core token accounting values remain Core; prompt token service/orchestration remains app-owned for Phase 6	RepoPrompt; Sources/RepoPromptCore/WorkspaceContext/TokenAccounting	4	token-accounting		retained_app	Phase 4 scope audit	No Phase 6 factual prompt routing or TokenCalculationService authority move is included; Phase 4 store/codemap extraction reuses existing neutral accounting leaves only.
P4-TST-CORE-001	test_move	RepoPromptTests	Tests/RepoPromptTests/Services/FileSystem; Tests/RepoPromptTests/WorkspaceContext	212 exact deterministic methods / 263 scenarios	store, ingress, lookup, search, indexes, caches, slices, codemap, ordering, generation, backpressure, and cancellation	RepoPromptCoreTests	4	test-owner	core/RepoPromptCoreTests.FileSystemAcceptedIngressBarrierTests; core/RepoPromptCoreTests.WorkspaceFileContextStoreTests; core/RepoPromptCoreTests.StoreBackedWorkspaceSearchTests	implemented	Phase 4 authoritative lists and curated ledger SHA 69c566a6aa2dc1bf9eb325f7675dfae15116d6f8a4382a159b20de590936693c	Supersedes P4-TST-PENDING for Core: every old/root to new/core exact ID mapping and preserved reviewed scenario count is recorded in place in Scripts/Fixtures/test-suite-contract-ledger.tsv.
P4-TST-MAC-001	test_move	RepoPromptTests	Tests/RepoPromptTests/Services/FileSystem	21 exact platform methods / 21 scenarios	real macOS content I/O, symlink, decoder, worker, watcher, and recovery behavior	RepoPromptCoreMacOSTests	4	test-owner	core-macos/RepoPromptCoreMacOSTests.FileSystemContentLoadingConcurrencyTests; core-macos/RepoPromptCoreMacOSTests.FileSystemServiceRecoveryTests	implemented	Phase 4 authoritative lists and curated ledger SHA 69c566a6aa2dc1bf9eb325f7675dfae15116d6f8a4382a159b20de590936693c	Supersedes P4-TST-PENDING for CoreMacOS: exact old/root to new/core-macos mappings and all scenario counts are preserved in the curated ledger.
P4-TST-ROOT-001	retained_app_policy	RepoPromptTests	Tests/RepoPromptTests/WorkspaceContext	root-retained app composition/authority integrations	33 store, 5 search, 3 replay, 2 slice methods plus other app policy/composition suites remain root-faithful	RepoPromptTests	4	test-owner	root/RepoPromptTests.WorkspaceFileContextStoreTests; root/RepoPromptTests.StoreBackedWorkspaceSearchTests; root/RepoPromptTests.SelectionSlicePersistenceAndRebaseTests	retained_app	Phase 4 lowest-faithful audit	The final root census is 1622 methods / 2101 scenarios including the one new parity method; deterministic engine-only methods moved to Core/CoreMacOS.
P4-PARITY-002	temporary_test_harness	RepoPromptTests	Tests/RepoPromptTests/WorkspaceContext/WorkspaceFileContextCoreParityTests.swift	testImmutableLegacyFileProjectionMatchesDirectCorePathSearchSnapshot	fixed immutable legacy FileViewModel adapter versus direct Core descriptors; exact alias-qualified ordered output	RepoPromptTests	4	test-owner	root/RepoPromptTests.WorkspaceFileContextCoreParityTests/testImmutableLegacyFileProjectionMatchesDirectCorePathSearchSnapshot	implemented	Phase 4 authoritative parity ticket 25356fcf-53ca-4bf6-bd1c-28d1a93b6d24	Supersedes P4-PARITY-001: ReplayEvidenceHarness is ordinary moved coverage, not parity. This sole parity harness constructs no store, watcher, persistence, revision allocator, command ingress, or writer; remove with the legacy app projection.
P4-LEDGER-001	test_census	Scripts/Fixtures/test-suite-contract-ledger.tsv	Scripts/Fixtures/test-suite-contract-ledger.tsv	1884 exact live methods / 2429 scenarios	root 1622/2101; Core 218/275; CoreMacOS 34/34; POSIX 3/3; provider 7/16	Scripts/Fixtures/test-suite-contract-ledger.tsv	4	test-owner		implemented	Phase 4 verify-ledger	233 physical test moves preserve zero scenario delta; the one temporary parity method adds one method and one scenario.
P4-REV-001	independent_review	Phase 4 diff	Sources/RepoPromptCore/Platform/OrderedEventStream.swift; Sources/RepoPromptCore/WorkspaceContext/WorkspaceFileContextStore.swift; Sources/RepoPrompt/App/CoreAdapters/LegacyWorkspaceRuntimeFactory.swift	ordered ingress teardown and diagnostic preservation	active observer invalidation, serialized sends, close-before-cancel, exact begin/end diagnostic sink/context, request identity, and privacy-preserving unload faults	RepoPromptCore; RepoPrompt	4	independent-review		implemented	Phase 4 /root/dependency_map and /root/dependency_map/ordered_stream_review	P1/P2 findings corrected; no Phase 5 authority or construction leakage found. RepoPrompt Oracle review was unavailable because its transport was closed.
P4-PKG-001	package_gate	RepoPrompt CE debug package	Scripts/package_app.sh; .build/arm64-apple-macosx/debug	RepoPrompt.app and executable separation	signed arm64 app plus embedded repoprompt-mcp; standalone repoprompt-headless remains outside the app bundle	debug package	4	package-control-plane		implemented	Phase 4 ticket 3ce0a596-7eaa-4a14-82f4-368691af9b88	Architecture, signature, helper layout, and non-launching embedded-helper smoke passed; no visible app was launched.
P4-FINAL-001	gate_evidence	Phase 4	docs/core-isolation/phases/phase-4.md	workspace/file-context engine extraction	behavior, performance, exact lists/ledger, style, guardrails, Xcode, target/product builds, full suites, and package all green	Phase 4 close gate	4	phase-lead		no_go	Phase 4 final validation 2026-06-21	Supersedes Phase 4 pending-validation rows. Sole blocker is the unrun visible packaged app-proxy smoke: explicit immediate launch approval was requested but not received; Phase 5 remains unstarted.
P4-LIVE-001	live_gate	RepoPrompt CE debug package	conductor run; conductor smoke; conductor app stop	packaged app-proxy runtime and exact debug lifecycle	approved launch, one cold plus four warm app-proxy smokes, matching-app stop, and stopped-process proof	Phase 4 live gate	4	package-runtime		implemented	Phase 4 approved continuation tickets 4f51fc45-a546-441c-807c-ac31d1c0e9c2 and 149add76-a2e7-4bd1-a151-c7c6432a44f9	All five smoke tickets exited 0 with measurementInvalid=false; status ticket 2b78d7b3-1617-446b-9f75-0a715df3a34a reported no matching debug PIDs.
P4-FINAL-002	gate_evidence	Phase 4	docs/core-isolation/phases/phase-4.md	workspace/file-context engine extraction final close	all deterministic, performance, package, and approved live runtime gates green	Phase 4 close gate	4	phase-lead		go	Phase 4 approved lifecycle continuation 2026-06-21	Supersedes P4-FINAL-001 NO-GO after its sole approval blocker was closed. Changes remain uncommitted and Phase 5 remains unstarted.
P5-AUTH-001	authority_cutover	RepoPrompt	Sources/RepoPrompt/Features/Workspaces/ViewModels/WorkspaceManagerViewModel.swift	ordered workspace/tab state, active ID, dirty/saved and selection generations	one selected command ingress and immutable session snapshots	Sources/RepoPromptCore/Workspaces/Session	5	core-session		implemented_pending_validation	Phase 5 from checkpoint e76b39f1	Manager remains app policy/presentation; compatibility mutation reconciliation is deferred Phase 9 cleanup.
P5-RUNTIME-001	implementation_add	none	Sources/RepoPromptCore/Workspaces/Session	WorkspaceSessionController; RepoPromptCoreSession; RepoPromptCoreSessionHandle; RepoPromptCoreHost	hydration, activation/admission, CAS commands, receipts, persistence and teardown	RepoPromptCore	5	core-session	core/RepoPromptCoreTests.WorkspaceSessionControllerTests; core/RepoPromptCoreTests.RepoPromptCoreSessionTests	implemented_pending_validation	Phase 5 focused tickets 63e68f5d-c04c-43ce-bf31-be1e50f117ef and cef68b24-856b-4233-8b4c-a464eceb02b2	Exact IDs and scenario rows await authoritative list/ledger reconciliation.
P5-PERSIST-001	implementation_move	RepoPrompt	WorkspaceManagerViewModel.WorkspaceDiskWriter	per-URL arbitration, stale-disk reconciliation, normalization CAS and index/workspace writes	selected persistence and byte-compatible reconciliation	Sources/RepoPromptCore/Workspaces/Session/WorkspaceSessionPersistenceCoordinator.swift	5	core-session	core/RepoPromptCoreTests.WorkspaceSessionPersistenceCoordinatorTests	implemented_pending_validation	Phase 5 focused ticket 29852d2d-8571-4129-88d5-d2f0bf44bb97	Legacy nested writer remains only for next-launch/test fallback until final direct-path audit.
P5-APP-001	implementation_add	none	Sources/RepoPrompt/App/CoreAdapters	RepoPromptAppCoreContainer; LegacyWorkspaceSessionBackend; WorkspaceSessionObservationBridge	immutable preconstruction backend choice, no inactive factory evaluation, one-way snapshot application, next-launch rollback	RepoPrompt	5	app-composition	root/RepoPromptTests.WorkspaceAuthorityCutoverTests	implemented_pending_validation	Phase 5 focused ticket 10c9a3f2-bc27-4525-b7ea-3ddf539a02d7	Visible runtime and exact list/ledger gates remain pending.
P5-MCP-001	routing_cutover	RepoPrompt	Sources/RepoPrompt/Infrastructure/MCP	workspace logical binding and mutation routing	selected session identity/admission token; mapping after admission; no Core-mode tab-write fallback	RepoPrompt	5	mcp-routing		implemented_pending_validation	Phase 5 source audit	Phase 7 draining/replacement registries remain excluded.
P5-GUARD-001	structural_guard	Scripts	Scripts/core_isolation_guardrails.py	Phase 5 authority ownership and capability boundaries	six exact owners, one backend-key owner, observation-only bridge, no headless authority construction	Scripts/core_isolation_guardrails.py	5	guardrails		implemented_pending_validation	Phase 5 guard fixtures	Twelve negative/graph fixtures currently pass; full guard ladder pending.
P5-AUTH-002	authority_cutover	RepoPromptCore	Sources/RepoPromptCore/Workspaces/Session; Sources/RepoPrompt/Features/Workspaces/ViewModels/WorkspaceManagerViewModel.swift	workspace/tab/root state and receipt-first app projection	one selected ingress; observation-only private-set manager projection; no selected manager writer/generation fallback	RepoPromptCore session + app projection adapter	5	core-session	core/RepoPromptCoreTests.RepoPromptCoreSessionTests; root/RepoPromptTests.WorkspaceAuthorityCutoverTests	implemented	Phase 5 remediation from Oracle export 2026-06-21	Supersedes P5-AUTH-001: selected paths are receipt-first; the DEBUG no-session XCTest adapter is release-absent and is not a runtime backend.
P5-LIFE-001	lifecycle_cutover	RepoPromptCore; RepoPrompt	Sources/RepoPromptCore/Workspaces/Session/RepoPromptCoreSession.swift; Sources/RepoPrompt/App/CoreAdapters/WorkspaceSessionStoreLifecycle.swift	root hydration, watcher readiness, unload, refresh, replacement, reload, switch recovery and immutable queries	opaque session-owned lifecycle plus fail-closed non-escalating query capability	RepoPromptCore session orchestration over Phase 4 store	5	core-session	core/RepoPromptCoreTests.RepoPromptCoreSessionTests; root/RepoPromptTests.WorkspaceAuthorityCutoverTests	implemented	Focused tickets 8db34cf6-d470-4867-8369-d23ac63ded0a and 6f28503c-a8d3-47a8-84f1-77fc36e2d1b7	Readiness follows root load, watcher demand, and applied ingress; switches preserve activation while advancing lifecycle/state generations.
P5-SELECT-001	selection_cutover	RepoPrompt	Sources/RepoPrompt/Infrastructure/WorkspaceContext/Selection/WorkspaceSelectionCoordinator.swift	expected-revision selection mutation and mirror sequencing	typed outcomes; atomic selection/non-selection patch; bounded deterministic stale rebase; identity and activation fences	selected session command ingress	5	selection	root/RepoPromptTests.WorkspaceSelectionCoordinatorTests; core/RepoPromptCoreTests.WorkspaceSessionControllerTests	implemented	Focused tickets bd5844db-2192-436f-8618-b103fb4a9305 and 60d01c48-8a80-476e-871a-aeddcbb8dc22	Canonical revisions live only in the selected backend; mirror counters remain noncanonical MainActor sequencing.
P5-MCP-002	routing_cutover	RepoPrompt	Sources/RepoPrompt/Infrastructure/MCP/MCPBindingResolver.swift; Sources/RepoPrompt/Infrastructure/MCP/MCPConnectionManager.swift; Sources/RepoPrompt/Infrastructure/MCP/WindowRoutingService.swift; Sources/RepoPrompt/Infrastructure/MCP/ViewModels/MCPServerViewModel+TabContext.swift	exact admitted workspace-session request binding	admit before mapping; coherent window/session/activation/logical identity; TaskLocal propagation; no retarget	selected ingress	5	mcp-routing	root/RepoPromptTests.TabContextRoutingTests	implemented	Focused ticket 18b05eb1-a69f-4aa5-a419-3adc21108051	Supersedes P5-MCP-001. DEBUG no-session test compositions retain routing compatibility without creating a production mutation capability.
P5-ROLLBACK-001	rollback_parity	RepoPrompt	Sources/RepoPrompt/App/CoreAdapters/LegacyWorkspaceSessionBackend.swift	complete common workspace command, persistence, reload and lifecycle semantics	same backend-neutral facade and externally observable receipts/snapshots/bytes as Core	next-launch legacy backend through Phase 8	5	app-composition	root/RepoPromptTests.WorkspaceAuthorityCutoverTests	implemented	Parity tickets f5c578a7 and 07c07d7b	No live backend switch, inactive writer/watcher/revision authority, or writable shadow.
P5-LEDGER-001	test_census	Scripts/Fixtures/test-suite-contract-ledger.tsv	Scripts/Fixtures/test-suite-contract-ledger.tsv	1,917 exact live methods	Core 235; CoreMacOS 34; POSIX 3; provider 7; root 1,638	curated XCTest ledger	5	test-owner		implemented	Phase 5 verify-ledger 2026-06-21	Twenty-two Phase 5 methods were added surgically; no stale IDs remain.
P5-FINAL-001	gate_evidence	Phase 5	docs/core-isolation/phases/phase-5.md	atomic workspace authority cutover	architecture and focused deterministic lanes green; full root/platform/build/package, Oracle and approved live gates pending	Phase 5 close gate	5	phase-lead		no_go	Phase 5 remediation checkpoint 2026-06-21	Do not weaken authority boundaries to pass evidence tooling; append a superseding GO row only after every remaining lane is green.
P5-FINAL-002	gate_evidence	Phase 5	docs/core-isolation/phases/phase-5.md	atomic workspace authority cutover	all deterministic, structural, style, ledger, build, Xcode, signed-package, Oracle and approved live lifecycle gates green	Phase 5 close gate	5	phase-lead		go	Oracle GO and approved live evidence 2026-06-21	Supersedes P5-FINAL-001; relaunch df1df8ca, smokes dd33ec37 and 7e7cf414, stop eb145f35, PID 50310 absent, changes uncommitted.
P6-CORE-001	implementation_move	RepoPrompt	Sources/RepoPrompt/Features/Prompt/Services/PromptContextAccountingService.swift; Sources/RepoPrompt/Infrastructure/WorkspaceContext/TokenAccounting/TokenCalculationService.swift	prompt entry resolution, slice assembly, token evaluation, tree and factual rendering	one generation-fenced Core factual implementation	Sources/RepoPromptCore/WorkspaceContext/Prompt; Sources/RepoPromptCore/WorkspaceContext/TokenAccounting; Sources/RepoPromptCore/CodeMap/CodeMapSnapshotRenderer.swift	6	core-prompt	core/RepoPromptCoreTests.PromptContextAccountingServiceTests; core/RepoPromptCoreTests.PromptFactualContextCaptureServiceTests	implemented_pending_validation	Phase 6 focused tickets fdd66c45 and 16f44f83	App files retain Phase 9 compatibility aliases only.
P6-PROVIDER-001	construction_cutover	RepoPrompt	Sources/RepoPrompt/App/CoreAdapters	CorePromptFactualContextProvider; LegacyPromptFactualContextProvider; DeferredPromptFactualContextProvider	exact Phase 5 admission and one selected provider	selected Phase 5 construction branch	6	app-composition	root/RepoPromptTests.WorkspaceAuthorityCutoverTests	implemented_pending_validation	Phase 6 source and focused build audit	Inactive adapter is never constructed; selection remains next-launch only.
P6-APP-001	caller_cutover	RepoPrompt	PromptViewModel; PromptViewModel+HeadlessPlan; AgentContextExportResolver; MCP workspace export; TokenCountingViewModel	prompt, clipboard, headless, Agent/MCP export and persistent recount factual access	construction-selected factual provider and rendered Core snapshot	RepoPrompt app orchestration	6	app-prompt	root/RepoPromptTests.PromptContextPreAssemblyServiceTests	implemented_pending_validation	Root preassembly ticket 245fdb01	Unavailable capture aborts output and preserves pasteboard/last token display.
P6-TEST-001	test_move	RepoPromptTests	Tests/RepoPromptTests/Prompt/PromptContextAccountingServiceTests.swift	root/RepoPromptTests.PromptContextAccountingServiceTests/*	core/RepoPromptCoreTests.PromptContextAccountingServiceTests/*	Tests/RepoPromptCoreTests/Prompt/PromptContextAccountingServiceTests.swift	6	core-tests	10 exact methods; 11 scenarios	implemented_pending_ledger	Phase 6 physical test move	Authoritative lists and ledger verification remain required before GO.
P6-GUARD-001	structural_guard	Scripts	Scripts/core_isolation_guardrails.py; Scripts/test_core_isolation_guardrails.py	Git-authority, privacy, exact-admission, provider-construction and packaging boundaries	negative and live Core-isolation guards	Scripts	6	guardrails		implemented	19 negative fixtures plus live guard 2026-06-21	Phase 7 and Phase 8 construction remains rejected.
P6-FINAL-001	gate_evidence	Phase 6	docs/core-isolation/phases/phase-6.md	factual prompt projection and accounting	focused implementation lanes green; full ledger/style/test/package/review/live gates pending	Phase 6 close gate	6	phase-lead		no_go	Phase 6 checkpoint 2026-06-21	Append a superseding GO row only after every required lane closes.
P6-CORE-002	implementation_move	RepoPromptCore	Sources/RepoPromptCore/WorkspaceContext/Prompt; Sources/RepoPromptCore/WorkspaceContext/TokenAccounting; Sources/RepoPromptCore/CodeMap/CodeMapSnapshotRenderer.swift	one admitted immutable factual generation	frozen authorized artifacts, exact projection, generation/worktree fences, deterministic tree/codemap/content bytes and token totals	RepoPromptCore	6	core-prompt	core/RepoPromptCoreTests.PromptFactualContextCaptureServiceTests	implemented	Phase 6 final Core ticket 0ed44f33-405e-4b1f-a9e2-8a79cc955ea5	Supersedes P6-CORE-001 pending validation; Core has no Git authority and factual result models expose no physical path.
P6-GUARD-002	structural_guard	Scripts	Scripts/core_isolation_guardrails.py; Scripts/test_core_isolation_guardrails.py	Phase 6 authority, dependency, admission and privacy boundary	20 negative fixtures plus final live source/target guard	Scripts	6	guardrails		implemented	Phase 6 final guard ticket bc760572-544f-4f2d-9f14-a9b0d586bce5	Supersedes P6-GUARD-001 fixture count; result-only privacy scan is clean and the sole physical location token is package-internal slice lookup input.
P6-REV-001	independent_review	Phase 6 diff	Core prompt capture/render/accounting; app authorization/provider/preassembly/callers	MAP participation and ordering plus hostile artifact alias privacy	artifact-first entry/render parity and central safe-relative alias validation	RepoPromptCore; RepoPrompt	6	independent-review		implemented	Oracle review chat untitled-chat-235D5B over Git snapshot 2026-06-21/2232	All three P1 findings corrected and focused regressions passed; explicit request scope yielding to the frozen validated projection is intentional and non-widening.
P6-LEDGER-001	test_census	Scripts/Fixtures/test-suite-contract-ledger.tsv	Scripts/Fixtures/test-suite-contract-ledger.tsv	1,920 exact live methods / 2,469 scenarios	Core 249/314; CoreMacOS 34/34; POSIX 3/3; provider 7/16; root 1,627/2,102	curated XCTest ledger	6	test-owner		implemented	Phase 6 verify-ledger 2026-06-21	Ten accounting methods and eleven scenarios moved from root to Core; new factual coverage and all retained root IDs reconcile exactly.
P6-LIVE-001	live_gate	RepoPrompt CE debug package	conductor app relaunch; workspace_context; conductor smoke; conductor app stop	construction-selected factual provider and exact debug lifecycle	signed packaged relaunch, generic smoke, 10,199-token live factual capture, matching-app stop and executable-identity proof	Phase 6 live gate	6	package-runtime		implemented	Phase 6 tickets d2935afa; 2e75fe6d; e40c7c79; 7c4875d4	PID 45446 launched; live accounting reported construction_selected_factual_provider; status/helper found zero matching processes after stop.
P6-FINAL-002	gate_evidence	Phase 6	docs/core-isolation/phases/phase-6.md	factual prompt projection and accounting final close	all deterministic, full-root, platform, provider, style, ledger, structural, privacy, product, signed-package, Oracle and approved live gates green	Phase 6 close gate	6	phase-lead		go	Phase 6 final validation 2026-06-21	Supersedes P6-FINAL-001. Authoritative root b41e17e4 passed with a 300-second stall detector after branch-related AsyncLimiter and full-order fixture stabilization; changes remain uncommitted and Phase 7+ is unstarted.
P7-CORE-001	implementation_add	none	Sources/RepoPromptCore/Workspaces/Runtime	actor-owned runtime lifecycle identity, strong retained handle, restricted admitted handle and exact request counts	created-active-draining-removed with post-suspension fences and exactly-once shutdown	RepoPromptCore	7	core-runtime	core/RepoPromptCoreTests.WorkspaceRuntimeLifecycleRegistryTests	implemented_pending_validation	Phase 7 focused ticket ded00351-5072-466a-989e-99d521d79c57	No window/UI/MCP concepts enter Core; admitted handles expose neither admit nor shutdown.
P7-ADAPTER-001	implementation_add	none	Sources/RepoPrompt/Infrastructure/MCP/Runtime/MCPAppRuntimeAdapterRegistry.swift	compatibility window-to-runtime mapping	weak adapters, immutable logical snapshots, exact tickets, sequence fences and replacement ordering	RepoPrompt	7	app-runtime-adapter	root/RepoPromptTests.MCPAppRuntimeAdapterRegistryTests	implemented_pending_validation	Phase 7 focused ticket 8479371d-59ee-4292-b81d-0a27aceccecc	Old tickets never discover replacement adapters; weak loss closes and drains only the exact runtime.
P7-ROUTE-001	routing_cutover	RepoPrompt	MCPBindingResolver; MCPConnectionManager; WindowScopedService; MCP window tool catalog	live WindowState/catalog identity resolution	immutable runtime snapshot resolution, admission before mapping, exact runtime plus mapping generation catalog dispatch	RepoPrompt	7	mcp-routing	root/RepoPromptTests.TabContextRoutingTests; root/RepoPromptTests.MCPRuntimeLifecycleTests	implemented_pending_validation	Phase 7 app build aa3fbb17-7c84-4df8-9107-03107256ac82	External window_id, resolver priorities/errors and app-proxy identity are preserved; runtime-capable work does not revalidate UI identity.
P7-LIFETIME-001	classification_add	none	Sources/RepoPrompt/Infrastructure/MCP/Runtime/MCPToolLifetimeCatalog.swift	all 26 canonical tools and reviewed operation variants	runtime-capable, UI-required or mixed with fail-closed future classification	RepoPrompt	7	mcp-tool-lifetime	root/RepoPromptTests.MCPToolLifetimeCatalogTests	implemented_pending_validation	Phase 7 static inventory	UI-only invocations cancel on close; mixed work retains exact admission and cannot rollback or retarget committed runtime results.
P7-LIFE-001	lifecycle_cutover	RepoPrompt	RepoPromptAppCoreContainer; WindowStateComposition; WindowState; AppDelegate	selected runtime construction, activation, close and app termination	register before hydration, publish after first snapshot activation, adapter-close then drain/count-zero shutdown	RepoPrompt	7	app-composition	root/RepoPromptTests.WorkspaceAuthorityCutoverTests	implemented_pending_validation	Phase 7 construction audit	Both Core and next-launch legacy workspace backends supply the same strong runtime facade; routing rollback is independently next-launch only.
P7-GUARD-001	structural_guard	Scripts	Scripts/core_isolation_guardrails.py; Scripts/test_core_isolation_guardrails.py	Core runtime neutrality, weak adapters, restricted handles, selection ownership, headless/proxy separation	live structural checks and negative fixtures	Scripts	7	guardrails		implemented_pending_validation	Phase 7 guard additions	Package graph remains unchanged; Phase 8 standalone routing is not implemented.
P7-FINAL-001	gate_evidence	Phase 7	docs/core-isolation/phases/phase-7.md	runtime identity and weak UI adapter cutover	focused implementation and app compile green; complete deterministic, ledger, package, Oracle, performance and live gates pending	Phase 7 close gate	7	phase-lead		no_go	Phase 7 checkpoint 2026-06-21	Append a superseding GO row only after the complete Phase 7 gate and stopped-process proof are green.
P7-LEDGER-001	test_census	Scripts/Fixtures/test-suite-contract-ledger.tsv	Scripts/Fixtures/test-suite-contract-ledger.tsv	1,938 exact live methods / 2,563 scenarios	Core 257/344; CoreMacOS 34/34; POSIX 3/3; provider 7/16; root 1,637/2,166	curated XCTest ledger	7	test-owner		implemented	Phase 7 verify-ledger 2026-06-21	Eighteen exact Phase 7 methods and 94 scenarios were added surgically; all retained IDs reconcile exactly.
P7-REV-001	independent_review	Phase 7 diff	Core runtime lifecycle; weak adapter registry; immutable MCP routing; lifetime catalog; app drain/termination	exact-admitted work, replacement/drain ordering, weak UI ownership and no retarget	bound-worktree production source	7	independent-review		implemented	Oracle review chat new-chat-BD4B19 2026-06-21	Published artifact selection remapped to main after one bounded repair; the same chat reviewed actual bound-worktree source inline. Suggested Phase 5 token releases were inapplicable because that token is immutable and non-refcounted; the counted runtime admission is released exactly once.
P7-LIVE-001	live_gate	RepoPrompt CE debug package	conductor smoke launch; final smoke; app stop; app status	existing repoprompt-mcp proxy identity and exact runtime routing	signed packaged proxy smoke plus matching-app stop and executable-identity proof	7	package-runtime		implemented	Phase 7 tickets a71a5cc8; d8aed424; bff9ef43; 24de62db	Final smoke covered windows, workspace switch, tree roots, worktree listing and role discovery; exact installed/worktree debug executable scan found zero processes after stop.
P7-FINAL-002	gate_evidence	Phase 7	docs/core-isolation/phases/phase-7.md	runtime identity and weak UI adapter cutover	all deterministic, full-root, platform, provider, style, exact-ledger, structural, product, Xcode, signed-package, performance, bounded Oracle and approved live gates green	Phase 7 close gate	7	phase-lead		go	Phase 7 final validation 2026-06-21	Supersedes P7-FINAL-001; no standalone headless routing or Phase 8/9 work was implemented, the debug app is stopped, and changes remain uncommitted.
P8-RUNTIME-001	implementation_add	RepoPromptHeadless	Sources/RepoPromptHeadless	direct NDJSON stdio lifecycle and request registry	exact initialize/framing/cancellation/concurrency/shutdown/EOF contract	independent standalone runtime	8	headless-runtime	headless/RepoPromptHeadlessTests.HeadlessMCPServerLifecycleTests; headless/RepoPromptHeadlessTests.HeadlessStdioTransportTests	implemented_pending_validation	Reviewed 21b5603f seed plus Phase 8 contract deltas	No app/Core session or Phase 7 runtime registry is constructed.
P8-SECURITY-001	implementation_add	RepoPromptHeadless	Sources/RepoPromptHeadless/Configuration; Sources/RepoPromptHeadless/Runtime; Sources/RepoPromptHeadless/Security	descriptor-confined roots, private state and export authority	openat/O_NOFOLLOW/fstat component walk; owner/type/mode/link enforcement; isolated v1 state and secret namespace	headless-owned security boundary	8	headless-security	headless/RepoPromptHeadlessTests.HeadlessSecureFileAccessTests; headless/RepoPromptHeadlessTests.HeadlessStateFileSecurityTests	implemented_pending_validation	Current focused ticket 32446e3e	State override is the complete absolute version root; ordinary uninstall preserves it.
P8-TOOLS-001	implementation_add	RepoPromptHeadless	Sources/RepoPromptHeadless/MCP/HeadlessToolRegistry.swift; Sources/RepoPromptHeadless/MCP/Tools	exact nine-tool safe profile and denied capability map	read-oriented registered implementations only; write/VCS/agents/app fail closed	headless tool registry	8	headless-tools	headless/RepoPromptHeadlessTests.SharedRuntimePhase0HeadlessCharacterizationTests	implemented_pending_validation	Frozen contract exhaustive registry	Permission booleans never activate denied tools without reviewed wiring and registration.
P8-BOUNDS-001	implementation_add	RepoPromptHeadless	Sources/RepoPromptHeadless/Runtime/HeadlessSearchService.swift; HeadlessFileCatalog.swift; HeadlessReadFileSlicer.swift	frozen file/tree/search/matcher/time limits	deterministic budget counters, injected clock and cooperative cancellation	headless bounded services	8	headless-runtime	headless/RepoPromptHeadlessTests.HeadlessSearchServiceTests; headless/RepoPromptHeadlessTests.HeadlessReadFileSlicerTests	implemented_pending_validation	Reviewed 21b5603f hardening	No arbitrary performance threshold replaces deterministic resource bounds.
P8-TEST-001	test_target_add	Package.swift	Tests/RepoPromptHeadlessTests	RepoPromptHeadlessTests / headless prefix	independent target depending only on RepoPromptHeadless	curated seven-prefix ledger	8	test-owner	headless/*	implemented_pending_ledger	Authoritative headless list 2026-06-22	All methods are additions; no existing IDs moved.
P8-CONDUCTOR-001	control_plane_add	Scripts	Scripts/conductor.py; Makefile	headless build/test/list/package/provenance/install/status/uninstall/smoke operations	dedicated headlessArtifact lane plus build/release coordination	developer daemon	8	control-plane		implemented_pending_validation	Conductor protocol 11	Existing debugArtifact/liveApp app lanes are unchanged.
P8-PACKAGE-001	package_add	Scripts	Scripts/package_headless.sh; build_headless_release_product.sh; headless_artifact_manifest.py; verify_headless_package.sh	independent debug/universal release artifact and manifest	version.env identity, signing, SHA-256, arch, owner/mode and Git provenance	HeadlessTools/{Debug,Release}	8	release-owner		implemented_pending_validation	Debug package ticket 604c5735	Never stages into RepoPrompt.app or app release products.
P8-INSTALL-001	installer_add	Scripts	Scripts/install_headless.sh	rpce-headless and rpce-headless-debug managed links	ownership-safe install/status/uninstall; explicit safe state deletion	standalone command install	8	release-owner		implemented_pending_validation	Phase 8 installer implementation	Default uninstall removes links/artifact/manifest and leaves Headless/v1.
P8-SMOKE-001	live_gate_add	Scripts	Scripts/smoke_packaged_headless_roundtrip.sh	isolated direct-stdio packaged roundtrip	isolated HOME/TMP/state; framing, lifecycle, tools, roots, special files, state modes and drain	standalone package smoke	8	package-runtime		implemented_pending_validation	Initial behavior ticket fe6efb74 excluded as packaged-path proof	Corrected staged-artifact rerun required.
P8-GUARD-001	structural_guard	Scripts	Scripts/core_isolation_guardrails.py; Scripts/test_core_isolation_guardrails.py	exact dependency/profile/state/secret/stdout/root/package separation	live structural checks plus negative fixtures	Scripts	8	guardrails		implemented_pending_validation	Phase 8 guard additions	App package, app bundle and repoprompt-mcp remain separate.
P8-FINAL-001	gate_evidence	Phase 8	docs/core-isolation/phases/phase-8.md	standalone headless v1 close	focused runtime/tests/debug package green; full ledger/style/security/release/review/app-proxy gates pending	Phase 8 close gate	8	phase-lead		no_go	Phase 8 checkpoint 2026-06-22	Append a superseding GO row only after all deterministic, package, review, direct-stdio, app-proxy and stop gates close.
P8-REV-001	independent_review	Phase 8 diff	immutable snapshots 2026-06-22/0242 and 2026-06-22/0302; manually curated 55-file bound-worktree selection	request identity, unexpected errors, state transactions, descriptor traversal, state ancestors, provenance and smoke coverage	six confirmed P1 groups corrected with focused regressions	RepoPromptHeadless; Scripts	8	independent-review		implemented	Oracle chat untitled-chat-0ECC2A	Artifact alias remapping was rejected in the bound tab, so the same review used manually selected full files rather than main-checkout bytes.
P8-SECURITY-002	security_hardening	RepoPromptHeadless	Sources/RepoPromptHeadless/Configuration; Runtime/HeadlessSecureFileAccess.swift; Runtime/HeadlessFileCatalog.swift	descriptor-confined state ancestors and directory enumeration	original-component openat/O_NOFOLLOW walk; one admitted root descriptor; skipped entries count toward hard work bounds	headless-owned security boundary	8	headless-security	headless/RepoPromptHeadlessTests.HeadlessSecureFileAccessTests; headless/RepoPromptHeadlessTests.HeadlessStateFileSecurityTests	implemented	Final headless ticket 541abda5	Supersedes pending validation in P8-SECURITY-001; symlinked state parents cannot create outside state.
P8-PROTOCOL-002	protocol_hardening	RepoPromptHeadless	Sources/RepoPromptHeadless/MCP	all request IDs and unexpected tool failures	pre-lifecycle ID validation/collision; boolean/number distinction; unexpected error -32603; exact initialize build identity	direct NDJSON stdio v1	8	headless-runtime	headless/RepoPromptHeadlessTests.HeadlessMCPServerLifecycleTests	implemented	Focused ticket 19c59f97	Immediate duplicate requests cannot mutate shutdown state and numeric ID 1 remains valid.
P8-LEDGER-001	test_census	Scripts/Fixtures/test-suite-contract-ledger.tsv	Scripts/Fixtures/test-suite-contract-ledger.tsv	2,027 exact live methods	root 1,637; provider 7; Core 257; CoreMacOS 34; POSIX 3; headless 89	curated seven-prefix XCTest ledger	8	test-owner		implemented	Authoritative headless list 312fe0fc and final verify-ledger	Seven Oracle-review regression IDs were added surgically; no retained ID moved.
P8-LIVE-001	live_gate	standalone package plus RepoPrompt CE debug package	headless debug/release smokes; conductor smoke; app stop/status	direct stdio identity plus unchanged repoprompt-mcp proxy identity	three debug samples, universal release sample, separate proxy smoke and exact stop proof	Phase 8 live gates	8	package-runtime		implemented	Tickets 58fc7d74; a2858b8e; fe13046e; 479e1e86; cb4f57cc; c3e388fc; 7bd5a095	PID 50364 absent; exact installed/worktree debug executable scans empty; headless smokes never launched the app.
P8-FINAL-002	gate_evidence	Phase 8	docs/core-isolation/phases/phase-8.md	standalone headless v1 final close	all deterministic, security, build, Xcode, exact-ledger, package, provenance, install, direct-stdio, Oracle, separate app-proxy and stop gates green	Phase 8 close gate	8	phase-lead		go	Phase 8 final validation 2026-06-22	Supersedes P8-FINAL-001; app/Core convergence and compatibility cleanup remain Phase 9+, app/proxy identities are unchanged, and changes remain uncommitted.
